{
"type": "FeatureCollection",
"name": "Piers output",
"crs": { "type": "name", "properties": { "name": "urn:ogc:def:crs:OGC:1.3:CRS84" } },
"features": [
{ "type": "Feature", "properties": { "PRIMS_ID": 4148, "NAME": "Williamstown Workshop, Piers & Stony Creek Backwash", "AREA_TYPE": "PORT & COASTAL FACILITY", "NAME_SHORT": "Williamstown Workshop, Piers & Stony Creek Backwash", "AREA_SRC": "GIS PARKRES", "MANAGER": "Parks Victoria as COM", "VEAC_REC": "-", "VEAC_STUDY": "No LCC Recommendation", "IUCN": "Not a Protected Area", "TOTAL_AREA": 103.036, "POLY_SRC": "HOLDING", "AREATYPEID": 50, "SRCHNAME": "WILLIAMSTOWN WORKSHOP, PIERS & STONY CREEK BACKWASH", "ESTAB_DATE": null, "LAST_MOD": "2024-08-12", "VERS_DATE": "2025-07-03", "HECTARES": 9.85, "AREASQM": 98490.06, "INTERNAL_ID": 10018, "buffer_m": 1300 }, "geometry": { "type": "Polygon", "coordinates": [ [ [ 144.91882027705995, -37.853274136120284 ], [ 144.918716886616437, -37.854420592073936 ], [ 144.91847226289741, -37.855553491534884 ], [ 144.918088755617219, -37.856661923018621 ], [ 144.917570052605896, -37.857735210237252 ], [ 144.916921144506802, -37.858763014974876 ], [ 144.91614827689699, -37.85973543672241 ], [ 144.915258890283496, -37.860643108108796 ], [ 144.914261548548637, -37.861477285206881 ], [ 144.913165856529105, -37.862229931840474 ], [ 144.911982367520409, -37.862893797076943 ], [ 144.910722481597588, -37.86346248515504 ], [ 144.909398335732988, -37.863930517171042 ], [ 144.908022686772966, -37.864293383925485 ], [ 144.906608788405578, -37.864547589418144 ], [ 144.905170263311419, -37.864690684570277 ], [ 144.903720971736306, -37.864721290846745 ], [ 144.902274877761073, -37.864639113549423 ], [ 144.900845914565338, -37.864444944653101 ], [ 144.899447849993521, -37.864140655156746 ], [ 144.898094153726106, -37.863729177024439 ], [ 144.896797867345981, -37.863214474891663 ], [ 144.895571478558139, -37.862601507811483 ], [ 144.894426800781815, -37.861896181411879 ], [ 144.893374859279959, -37.861105290928286 ], [ 144.89242578492653, -37.86023645566334 ], [ 144.891588716637045, -37.859298045509028 ], [ 144.890871713401594, -37.858299100242725 ], [ 144.890281676766222, -37.857249242377797 ], [ 144.889824284505352, -37.856158584412022 ], [ 144.889503936118729, -37.855037631369733 ], [ 144.889323710671079, -37.853897179579363 ], [ 144.889285337372115, -37.852748212662874 ], [ 144.889389179171872, -37.851601795740372 ], [ 144.889634229518919, -37.8504689688694 ], [ 144.890018122303786, -37.849360640744827 ], [ 144.890537154881798, -37.848287483682562 ], [ 144.891186323944481, -37.847259830896604 ], [ 144.891959373886124, -37.846287577056664 ], [ 144.892848857192774, -37.845380083081189 ], [ 144.893846206266176, -37.844546086079561 ], [ 144.894941815987721, -37.843793615306936 ], [ 144.896125136224526, -37.843129914937698 ], [ 144.897384773387358, -37.842561374397377 ], [ 144.898708600063571, -37.842093466919856 ], [ 144.900083871673047, -37.841730696918688 ], [ 144.901497349029057, -37.841476556675921 ], [ 144.902935425630318, -37.841333492762764 ], [ 144.90438425846628, -37.841302882513858 ], [ 144.905829901085241, -37.841385020780017 ], [ 144.907258437652928, -37.841579117086347 ], [ 144.90865611672001, -37.841883303223511 ], [ 144.910009483420765, -37.842294651199467 ], [ 144.911305508837302, -37.842809201380547 ], [ 144.912531715293341, -37.843422000553119 ], [ 144.913676296376565, -37.844127149541798 ], [ 144.914728230539936, -37.844917859928934 ], [ 144.91567738719138, -37.845786519332933 ], [ 144.916514624252812, -37.846724764620021 ], [ 144.91723187624828, -37.84772356234857 ], [ 144.917822232072041, -37.848773295675016 ], [ 144.918280001683456, -37.849863856887538 ], [ 144.918600771081401, -37.850984744679955 ], [ 144.918781445021921, -37.852125165231357 ], [ 144.91882027705995, -37.853274136120284 ] ] ] } },
{ "type": "Feature", "properties": { "PRIMS_ID": 4129, "NAME": "Queenscliff Harbour Precinct Reserve", "AREA_TYPE": "PORT & COASTAL FACILITY", "NAME_SHORT": "Queenscliff Harbour Precinct Reserve", "AREA_SRC": "GIS PARKRES", "MANAGER": "Parks Victoria as COM", "VEAC_REC": "-", "VEAC_STUDY": "No LCC Recommendation", "IUCN": "Not a Protected Area", "TOTAL_AREA": 157.184, "POLY_SRC": "HOLDING", "AREATYPEID": 50, "SRCHNAME": "QUEENSCLIFF HARBOUR PRECINCT RESERVE", "ESTAB_DATE": null, "LAST_MOD": "2022-05-26", "VERS_DATE": "2025-07-03", "HECTARES": 150.7, "AREASQM": 1507038.97, "INTERNAL_ID": 10019, "buffer_m": 1300 }, "geometry": { "type": "Polygon", "coordinates": [ [ [ 144.688228240891817, -38.265409286651959 ], [ 144.688120352478705, -38.266555332340666 ], [ 144.687870495990438, -38.267687521383166 ], [ 144.687481071429971, -38.268794949091628 ], [ 144.686955823530496, -38.26986694879605 ], [ 144.686299805908561, -38.270893194629018 ], [ 144.685519332579815, -38.27186380104348 ], [ 144.684621917297648, -38.272769418101838 ], [ 144.683616201293091, -38.273601321615864 ], [ 144.682511870107646, -38.274351497265414 ], [ 144.681319560318656, -38.275012717881964 ], [ 144.680050757054801, -38.275578613148973 ], [ 144.678717683290529, -38.276043731043842 ], [ 144.677333181989866, -38.276403590426334 ], [ 144.67591059223966, -38.276654724263601 ], [ 144.674463620572027, -38.276794713073265 ], [ 144.673006208724104, -38.276822208259873 ], [ 144.671552399117161, -38.276736945119112 ], [ 144.670116199360791, -38.276539745383637 ], [ 144.668711447097166, -38.276232509286132 ], [ 144.667351676496281, -38.275818197217077 ], [ 144.666049987697818, -38.275300801155346 ], [ 144.664818920464768, -38.274685306149102 ], [ 144.663670333273075, -38.2739776422208 ], [ 144.662615289007107, -38.273184627162919 ], [ 144.66166394836597, -38.272313900778727 ], [ 144.660825472008582, -38.271373851205446 ], [ 144.660107932380839, -38.270373534033375 ], [ 144.659518236071193, -38.269322585003245 ], [ 144.659062057439371, -38.26823112712659 ], [ 144.658743784151426, -38.267109673126583 ], [ 144.658566475139025, -38.265969024141491 ], [ 144.658531831379094, -38.264820165668432 ], [ 144.658640179766365, -38.263674161750828 ], [ 144.658890470224577, -38.262542048429253 ], [ 144.659280286073539, -38.261434727481621 ], [ 144.659805867542957, -38.260362861475194 ], [ 144.660462148197524, -38.259336771139417 ], [ 144.661242803913296, -38.258366336045704 ], [ 144.662140313927836, -38.257460899547873 ], [ 144.663146033369713, -38.256629178895324 ], [ 144.664250276565241, -38.255879181380941 ], [ 144.665442410318462, -38.255218127327602 ], [ 144.666710956265689, -38.254652380650903 ], [ 144.668043701321011, -38.254187387663244 ], [ 144.66942781515246, -38.253827624704712 ], [ 144.670849973563435, -38.253576555102626 ], [ 144.672296486597986, -38.253436595870873 ], [ 144.673753430143933, -38.253409094468232 ], [ 144.67520677977663, -38.253494315837898 ], [ 144.676642545563027, -38.253691439852453 ], [ 144.678046906538185, -38.2539985691891 ], [ 144.67940634356907, -38.25441274756016 ], [ 144.68070776933493, -38.254929988124658 ], [ 144.68193865418101, -38.255545311810152 ], [ 144.683087146640332, -38.256252795177907 ], [ 144.684142187469064, -38.257045627374318 ], [ 144.685093616100204, -38.257916175623357 ], [ 144.68593226849336, -38.258856058633441 ], [ 144.68665006543776, -38.259856227215195 ], [ 144.687240090456385, -38.260907051338151 ], [ 144.687696656557392, -38.261998412790859 ], [ 144.688015361184512, -38.263119802555686 ], [ 144.688193128829965, -38.264260421962867 ], [ 144.688228240891817, -38.265409286651959 ] ] ] } },
{ "type": "Feature", "properties": { "PRIMS_ID": 4112, "NAME": "Black Rock Jetty", "AREA_TYPE": "PORT & COASTAL FACILITY", "NAME_SHORT": "Black Rock Jetty", "AREA_SRC": "GIS PARKRES", "MANAGER": "Parks Victoria as COM", "VEAC_REC": "-", "VEAC_STUDY": "No LCC Recommendation", "IUCN": "Not a Protected Area", "TOTAL_AREA": 0.172, "POLY_SRC": "VM PARCEL EDITED WITH 25K FEATURES", "AREATYPEID": 50, "SRCHNAME": "BLACK ROCK JETTY", "ESTAB_DATE": null, "LAST_MOD": "2012-07-11", "VERS_DATE": "2025-07-03", "HECTARES": 0.17, "AREASQM": 1716.78, "INTERNAL_ID": 10020, "buffer_m": 1300 }, "geometry": { "type": "Polygon", "coordinates": [ [ [ 145.024502971407514, -37.968879709387124 ], [ 145.024400975808845, -37.970026278673942 ], [ 145.024157501492567, -37.971159411889786 ], [ 145.023774887058664, -37.972268195310178 ], [ 145.023256811691851, -37.973341949265759 ], [ 145.022608259944576, -37.97437033105011 ], [ 145.021835473917605, -37.975343434597441 ], [ 145.020945893291639, -37.976251885967486 ], [ 145.019948083782111, -37.977086933714631 ], [ 145.01885165470182, -37.977840533267781 ], [ 145.017667166423564, -37.978505424504007 ], [ 145.016406028633554, -37.979075201765525 ], [ 145.015080390356815, -37.97954437564173 ], [ 145.013703022818248, -37.979908425917692 ], [ 145.012287196271529, -37.980163845176051 ], [ 145.010846551989744, -37.980308172629954 ], [ 145.009394970658235, -37.980340017858531 ], [ 145.007946438446339, -37.980259074215574 ], [ 145.006514912057099, -37.980066121781149 ], [ 145.005114184064922, -37.979763019827836 ], [ 145.003757749847182, -37.979352688875103 ], [ 145.002458677401108, -37.978839082506155 ], [ 145.001229481307462, -37.978227149220636 ], [ 145.000082002061987, -37.977522784693669 ], [ 144.999027291942667, -37.976732774904086 ], [ 144.998075508515512, -37.975864730683099 ], [ 144.997235816806779, -37.97492701431765 ], [ 144.996516301083943, -37.973928658919164 ], [ 144.995923887092943, -37.97287928133774 ], [ 144.995464275497682, -37.971788989464414 ], [ 144.995141887156564, -37.970668284817059 ], [ 144.994959820757003, -37.969527961350821 ], [ 144.994919823207539, -37.968379001469785 ], [ 144.995022273063711, -37.967232470242585 ], [ 144.99526617713741, -37.966099408841529 ], [ 144.995649180313393, -37.964990728231314 ], [ 144.996167588467813, -37.963917104130367 ], [ 144.996816404259306, -37.962888874254858 ], [ 144.9975893754401, -37.961915938832796 ], [ 144.998479055214091, -37.961007665343509 ], [ 144.999476874055716, -37.960172798396734 ], [ 145.000573222293468, -37.959419375615525 ], [ 145.001757542661267, -37.958754650329553 ], [ 145.00301843192571, -37.958185021819226 ], [ 145.00434375061235, -37.957715973778733 ], [ 145.005720739777985, -37.957352021587212 ], [ 145.007136143709658, -37.95709666889266 ], [ 145.008576337375132, -37.956952373923968 ], [ 145.010027457405926, -37.956920525853583 ], [ 145.01147553536029, -37.957001431436908 ], [ 145.012906631992053, -37.957194312056529 ], [ 145.014306971242121, -37.957497311199674 ], [ 145.015663072672282, -37.957907512297759 ], [ 145.01696188107411, -37.958420966757828 ], [ 145.018190892013962, -37.959032731918086 ], [ 145.019338272111469, -37.959736918564282 ], [ 145.020392972898776, -37.960526747553502 ], [ 145.021344837168527, -37.961394615002547 ], [ 145.022184696787718, -37.962332165417735 ], [ 145.022904461036234, -37.963330372065059 ], [ 145.023497194617278, -37.964379623810778 ], [ 145.023957184585413, -37.965469817599683 ], [ 145.024279995541576, -37.966590455683232 ], [ 145.02446251255742, -37.967730746664273 ], [ 145.024502971407514, -37.968879709387124 ] ] ] } },
{ "type": "Feature", "properties": { "PRIMS_ID": 4128, "NAME": "Portsea Pier", "AREA_TYPE": "PORT & COASTAL FACILITY", "NAME_SHORT": "Portsea Pier", "AREA_SRC": "GIS PARKRES", "MANAGER": "Parks Victoria as COM", "VEAC_REC": "-", "VEAC_STUDY": "No LCC Recommendation", "IUCN": "Not a Protected Area", "TOTAL_AREA": 0.341, "POLY_SRC": "VM PARCEL EDITED WITH 25K FEATURES", "AREATYPEID": 50, "SRCHNAME": "PORTSEA PIER", "ESTAB_DATE": null, "LAST_MOD": "2012-07-11", "VERS_DATE": "2025-07-03", "HECTARES": 0.34, "AREASQM": 3409.63, "INTERNAL_ID": 10021, "buffer_m": 1300 }, "geometry": { "type": "Polygon", "coordinates": [ [ [ 144.728368574876157, -38.318481424488191 ], [ 144.728261195791305, -38.319627514875215 ], [ 144.728011735531453, -38.32075979388194 ], [ 144.727622590263337, -38.321867355958055 ], [ 144.727097502009826, -38.322939533142026 ], [ 144.726441522829788, -38.323965997858267 ], [ 144.725660966349778, -38.324936862451182 ], [ 144.724763347107171, -38.325842774494788 ], [ 144.723757308282899, -38.326675006956457 ], [ 144.722652538516428, -38.327425542343306 ], [ 144.721459678601462, -38.328087150016422 ], [ 144.720190218961108, -38.328653455924858 ], [ 144.718856388891652, -38.329119004083893 ], [ 144.717471038645272, -38.329479309201766 ], [ 144.716047515493017, -38.329730899945112 ], [ 144.714599534968073, -38.329871352423709 ], [ 144.713141048538404, -38.329899313569634 ], [ 144.711686108991529, -38.32981451418491 ], [ 144.710248734838331, -38.329617771530785 ], [ 144.708842775051352, -38.329310981434091 ], [ 144.70748177545039, -38.328897099987536 ], [ 144.706178848031215, -38.328380115021893 ], [ 144.704946544504253, -38.327765007626731 ], [ 144.703796735268554, -38.327057704093669 ], [ 144.702740494991673, -38.326265018747876 ], [ 144.701787995901867, -38.325394588222117 ], [ 144.700948409822104, -38.32445479781029 ], [ 144.700229819888875, -38.323454700613631 ], [ 144.699639142805182, -38.322403930261842 ], [ 144.699182062371534, -38.321312608053503 ], [ 144.698862974930535, -38.320191245413071 ], [ 144.698684947242526, -38.31905064260657 ], [ 144.698649687190766, -38.317901784693426 ], [ 144.698757527587816, -38.316755735717919 ], [ 144.699007423230285, -38.315623532159734 ], [ 144.699396961219918, -38.314516076669712 ], [ 144.699922384441805, -38.313444033113349 ], [ 144.700578627964461, -38.312417723931006 ], [ 144.701359368002727, -38.311447030801176 ], [ 144.702257082965275, -38.310541299560661 ], [ 144.703263125992606, -38.309709250293892 ], [ 144.704367808283791, -38.308958893453678 ], [ 144.705560492406732, -38.308297452817492 ], [ 144.706829694693909, -38.307731296017131 ], [ 144.708163195739019, -38.307265873307216 ], [ 144.709548157933995, -38.30690566515851 ], [ 144.710971248920487, -38.306654139177923 ], [ 144.712418769773166, -38.306513716766922 ], [ 144.713876786688985, -38.306485749837897 ], [ 144.715331264923663, -38.306570507811088 ], [ 144.716768203694215, -38.306767175016688 ], [ 144.718173770759648, -38.307073858527275 ], [ 144.719534435392205, -38.307487606346179 ], [ 144.720837098468792, -38.308004435777924 ], [ 144.722069218437525, -38.308619371709973 ], [ 144.723218931953369, -38.309326494439944 ], [ 144.724275168027248, -38.310118996590845 ], [ 144.725227754592368, -38.31098924856996 ], [ 144.726067516464212, -38.311928871944865 ], [ 144.72678636375062, -38.312928820033463 ], [ 144.727377369858715, -38.313979464936168 ], [ 144.727834838343711, -38.315070690175361 ], [ 144.728154357950444, -38.316191988053028 ], [ 144.728332845310661, -38.317332560791961 ], [ 144.728368574876157, -38.318481424488191 ] ] ] } },
{ "type": "Feature", "properties": { "PRIMS_ID": 4126, "NAME": "Point Lonsdale Jetty", "AREA_TYPE": "PORT & COASTAL FACILITY", "NAME_SHORT": "Point Lonsdale Jetty", "AREA_SRC": "GIS PARKRES", "MANAGER": "Parks Victoria as COM", "VEAC_REC": "-", "VEAC_STUDY": "No LCC Recommendation", "IUCN": "Not a Protected Area", "TOTAL_AREA": 0.324, "POLY_SRC": "VM PARCEL EDITED WITH 25K FEATURES", "AREATYPEID": 50, "SRCHNAME": "POINT LONSDALE JETTY", "ESTAB_DATE": null, "LAST_MOD": "2012-07-11", "VERS_DATE": "2025-07-03", "HECTARES": 0.32, "AREASQM": 3239.92, "INTERNAL_ID": 10022, "buffer_m": 1300 }, "geometry": { "type": "Polygon", "coordinates": [ [ [ 144.631067195709164, -38.291703818558062 ], [ 144.630958350045717, -38.292849776525657 ], [ 144.630707499730477, -38.293981807357746 ], [ 144.630317054334682, -38.295089007881387 ], [ 144.629790768423391, -38.296160713605914 ], [ 144.629133705613697, -38.297186601487283 ], [ 144.628352189994274, -38.298156789418684 ], [ 144.62745374536658, -38.299061931487003 ], [ 144.626447022887419, -38.299893308074104 ], [ 144.625341717806123, -38.300642909931661 ], [ 144.624148476095513, -38.301303515416024 ], [ 144.622878791876303, -38.30186876013542 ], [ 144.621544896624528, -38.302333198334715 ], [ 144.620159641232561, -38.302692355423559 ], [ 144.618736372065342, -38.302942771138028 ], [ 144.617288802212329, -38.303082032918361 ], [ 144.615830879183363, -38.303108799178517 ], [ 144.614376650331792, -38.303022812242546 ], [ 144.612940127310907, -38.302824900822436 ], [ 144.611535150878808, -38.302516972013635 ], [ 144.61017525736375, -38.302101992886307 ], [ 144.608873548085143, -38.30158396185135 ], [ 144.60764256299592, -38.300967870079006 ], [ 144.606494159770705, -38.300259653344717 ], [ 144.605439399509464, -38.299466134769077 ], [ 144.604488440161276, -38.298594959007247 ], [ 144.603650438696775, -38.297654518525292 ], [ 144.602933462971066, -38.296653872677467 ], [ 144.602344414124531, -38.295602660367422 ], [ 144.601888960264546, -38.294511007138247 ], [ 144.60157148206136, -38.293389427588984 ], [ 144.60139503077545, -38.292248724060286 ], [ 144.60136129911146, -38.291099882566854 ], [ 144.601470605171102, -38.289953966980157 ], [ 144.601721889649042, -38.28882201248134 ], [ 144.60211272628942, -38.287714919309941 ], [ 144.602639345491866, -38.286643347831088 ], [ 144.603296670831043, -38.285617615929894 ], [ 144.604078368129478, -38.284647599718902 ], [ 144.604976906603866, -38.283742638512102 ], [ 144.605983631490915, -38.282911444977266 ], [ 144.607088847448779, -38.282162021328077 ], [ 144.608281911929538, -38.281501582359759 ], [ 144.609551337623373, -38.280936486064981 ], [ 144.610884902989255, -38.280472172494953 ], [ 144.612269769812116, -38.28011311145066 ], [ 144.613692606659498, -38.279862759505036 ], [ 144.615139717055712, -38.279723526767263 ], [ 144.616597171147674, -38.279696753707263 ], [ 144.618050939602995, -38.279782698262331 ], [ 144.619487028461123, -38.279980533349146 ], [ 144.620891613648638, -38.280288354805705 ], [ 144.622251173872542, -38.280703199687338 ], [ 144.623552620621666, -38.281221074742113 ], [ 144.624783424031961, -38.281836994794034 ], [ 144.625931733410511, -38.282545030666789 ], [ 144.626986491263921, -38.283338366190186 ], [ 144.627937539735598, -38.284209363743649 ], [ 144.628775718429978, -38.285149637709566 ], [ 144.629492952681062, -38.286150135132807 ], [ 144.63008233141349, -38.28720122281355 ], [ 144.630538173842609, -38.288292779998216 ], [ 144.630856084365575, -38.289414295778656 ], [ 144.6310329951082, -38.290554970264793 ], [ 144.631067195709164, -38.291703818558062 ] ] ] } },
{ "type": "Feature", "properties": { "PRIMS_ID": 4122, "NAME": "Mordialloc Pier", "AREA_TYPE": "PORT & COASTAL FACILITY", "NAME_SHORT": "Mordialloc Pier", "AREA_SRC": "GIS PARKRES", "MANAGER": "Parks Victoria as COM", "VEAC_REC": "-", "VEAC_STUDY": "No LCC Recommendation", "IUCN": "Not a Protected Area", "TOTAL_AREA": 12.868, "POLY_SRC": "VM PARCEL EDITED WITH 25K FEATURES", "AREATYPEID": 50, "SRCHNAME": "MORDIALLOC PIER", "ESTAB_DATE": null, "LAST_MOD": "2012-07-11", "VERS_DATE": "2025-07-03", "HECTARES": 12.87, "AREASQM": 128683.18, "INTERNAL_ID": 10023, "buffer_m": 1300 }, "geometry": { "type": "Polygon", "coordinates": [ [ [ 145.100352000887625, -38.012402872906776 ], [ 145.10025109460102, -38.013549530035277 ], [ 145.100008608564934, -38.014682839887207 ], [ 145.099626871841309, -38.015791887046234 ], [ 145.09910955513962, -38.016865989310602 ], [ 145.098461635681957, -38.017894800625093 ], [ 145.097689349455436, -38.018868410790787 ], [ 145.096800131303439, -38.019777440989451 ], [ 145.095802543428107, -38.02061313419982 ], [ 145.094706192987445, -38.021367439631035 ], [ 145.093521639579734, -38.022033090356402 ], [ 145.092260293504779, -38.022603673396162 ], [ 145.090934305784259, -38.023073691570261 ], [ 145.089556451003659, -38.023438616522029 ], [ 145.088140004109022, -38.023694932398975 ], [ 145.086698612352563, -38.023840169767283 ], [ 145.085246163627545, -38.023872929431136 ], [ 145.08379665247034, -38.023792895926341 ], [ 145.082364045029124, -38.023600840557194 ], [ 145.080962144309609, -38.023298613947823 ], [ 145.079604457005843, -38.022889128180083 ], [ 145.078304063206815, -38.022376328691941 ], [ 145.077073490243095, -38.021765156208971 ], [ 145.075924591894335, -38.021061499078229 ], [ 145.074868434127779, -38.020272136467227 ], [ 145.07391518847129, -38.019404672978077 ], [ 145.073074034050506, -38.018467465310685 ], [ 145.07235306923306, -38.017469541685173 ], [ 145.071759233729836, -38.016420514802796 ], [ 145.071298241899342, -38.015330489187839 ], [ 145.070974527892361, -38.014209963805499 ], [ 145.070791203158365, -38.013069730896518 ], [ 145.070750026715046, -38.011920772004807 ], [ 145.07085138845764, -38.010774152201023 ], [ 145.071094305660012, -38.009640913521061 ], [ 145.071476432690702, -38.00853196864616 ], [ 145.071994083840991, -38.007457995847339 ], [ 145.072642269036123, -38.006429336204498 ], [ 145.073414742076807, -38.005455894087994 ], [ 145.074304060940506, -38.004547041857947 ], [ 145.07530165955481, -38.00371152969641 ], [ 145.076397930348975, -38.00295740143666 ], [ 145.077582316785538, -38.00229191719675 ], [ 145.078843414981264, -38.001721483558498 ], [ 145.080169083440325, -38.001251591960582 ], [ 145.081546559846288, -38.00088676589538 ], [ 145.082962583793829, -38.000630517415239 ], [ 145.084403524284397, -38.000485313363974 ], [ 145.08585551076655, -38.000452551657013 ], [ 145.087304566467708, -38.000532547837082 ], [ 145.088736742742611, -38.000724532034262 ], [ 145.090138253155033, -38.001026656359493 ], [ 145.091495606010199, -38.001436012661685 ], [ 145.092795734071757, -38.001948660478099 ], [ 145.094026120221343, -38.0025596649119 ], [ 145.095174917858458, -38.003263144074012 ], [ 145.096231064886098, -38.004052325636188 ], [ 145.097184390189113, -38.004919611953902 ], [ 145.098025711581101, -38.005856653135837 ], [ 145.098746924277805, -38.006854427359848 ], [ 145.099341079042489, -38.007903327666064 ], [ 145.099802449247619, -38.008993254394461 ], [ 145.100126586201668, -38.010113712380004 ], [ 145.100310362201498, -38.011253911971963 ], [ 145.100352000887625, -38.012402872906776 ] ] ] } },
{ "type": "Feature", "properties": { "PRIMS_ID": 4117, "NAME": "Frankston Pier", "AREA_TYPE": "PORT & COASTAL FACILITY", "NAME_SHORT": "Frankston Pier", "AREA_SRC": "GIS PARKRES", "MANAGER": "Parks Victoria as COM", "VEAC_REC": "-", "VEAC_STUDY": "No LCC Recommendation", "IUCN": "Not a Protected Area", "TOTAL_AREA": 0.42, "POLY_SRC": "VM PARCEL EDITED WITH 25K FEATURES", "AREATYPEID": 50, "SRCHNAME": "FRANKSTON PIER", "ESTAB_DATE": null, "LAST_MOD": "2012-07-11", "VERS_DATE": "2025-07-03", "HECTARES": 0.42, "AREASQM": 4196.35, "INTERNAL_ID": 10024, "buffer_m": 1300 }, "geometry": { "type": "Polygon", "coordinates": [ [ [ 145.129048715641545, -38.146207686307811 ], [ 145.128947985163762, -38.147354350251746 ], [ 145.128705410878808, -38.148487694921094 ], [ 145.128323322654467, -38.149596804564098 ], [ 145.127805394543657, -38.150670996374565 ], [ 145.127156609619192, -38.151699923429724 ], [ 145.126383212170992, -38.152673674408462 ], [ 145.125492647718772, -38.153582869127028 ], [ 145.124493491412665, -38.15441874896856 ], [ 145.123395365506298, -38.155173261332486 ], [ 145.12220884669614, -38.1558391372862 ], [ 145.120945364218159, -38.156409961667528 ], [ 145.119617089685534, -38.156880234959083 ], [ 145.118236819731493, -38.157245426335038 ], [ 145.116817852592902, -38.157502017366077 ], [ 145.115373859830356, -38.157647535959136 ], [ 145.113918754427573, -38.157680580202751 ], [ 145.112466556550061, -38.157600831887052 ], [ 145.111031258265371, -38.157409059567343 ], [ 145.10962668853773, -38.157107111141919 ], [ 145.108266379806707, -38.15669789601629 ], [ 145.106963437444819, -38.156185357027212 ], [ 145.105730413358515, -38.15557443239895 ], [ 145.104579184958538, -38.154871008101139 ], [ 145.10352084066929, -38.15408186107009 ], [ 145.102565573085343, -38.153214593844112 ], [ 145.101722580804932, -38.152277561246123 ], [ 145.100999979887007, -38.151279789823498 ], [ 145.100404725782226, -38.150230890824751 ], [ 145.09994254648646, -38.149140967554828 ], [ 145.099617887554956, -38.148020518004309 ], [ 145.099433869500388, -38.146880333692962 ], [ 145.099392257976149, -38.145731395703997 ], [ 145.099493447023718, -38.144584768911713 ], [ 145.099736455535236, -38.143451495421807 ], [ 145.100118936955823, -38.142342488250684 ], [ 145.100637202122272, -38.141268426266549 ], [ 145.101286255008915, -38.140239651403036 ], [ 145.102059841028193, -38.13926606913261 ], [ 145.102950507413652, -38.138357053155694 ], [ 145.10394967509805, -38.13752135522018 ], [ 145.105047721390378, -38.136767020936084 ], [ 145.106234072653706, -38.136101312392533 ], [ 145.107497306090835, -38.135530638318215 ], [ 145.108825259659056, -38.135060492454265 ], [ 145.110205149059652, -38.134695400729584 ], [ 145.111623690680119, -38.134438877743932 ], [ 145.113067229312406, -38.134293392975415 ], [ 145.114521869424749, -38.134260347035649 ], [ 145.115973608732446, -38.134340058199683 ], [ 145.117408472790544, -38.134531759339943 ], [ 145.11881264932191, -38.13483360529348 ], [ 145.120172620997238, -38.135242690592769 ], [ 145.121475295397033, -38.135755077390193 ], [ 145.122708130912258, -38.136365833310101 ], [ 145.123859257379024, -38.137069078866276 ], [ 145.124917590290096, -38.137858043991308 ], [ 145.12587293748814, -38.138725133137434 ], [ 145.126716097315409, -38.139661998325288 ], [ 145.127438947274186, -38.140659619440932 ], [ 145.12803452234337, -38.141708391012074 ], [ 145.128497082192609, -38.14279821463073 ], [ 145.128822166642152, -38.143918596135876 ], [ 145.129006638826922, -38.145058746622695 ], [ 145.129048715641545, -38.146207686307811 ] ] ] } },
{ "type": "Feature", "properties": { "PRIMS_ID": 4147, "NAME": "Werribee South Jetty", "AREA_TYPE": "PORT & COASTAL FACILITY", "NAME_SHORT": "Werribee South Jetty", "AREA_SRC": "GIS PARKRES", "MANAGER": "Parks Victoria as COM", "VEAC_REC": "-", "VEAC_STUDY": "No LCC Recommendation", "IUCN": "Not a Protected Area", "TOTAL_AREA": 0.157, "POLY_SRC": "VM PARCEL EDITED WITH 25K FEATURES", "AREATYPEID": 50, "SRCHNAME": "WERRIBEE SOUTH JETTY", "ESTAB_DATE": null, "LAST_MOD": "2012-07-11", "VERS_DATE": "2025-07-03", "HECTARES": 0.16, "AREASQM": 1574.45, "INTERNAL_ID": 10025, "buffer_m": 1300 }, "geometry": { "type": "Polygon", "coordinates": [ [ [ 144.701901730460747, -37.973326601672319 ], [ 144.701794717858007, -37.974472732909291 ], [ 144.701546295991733, -37.975605041353738 ], [ 144.701158851137706, -37.976712621179004 ], [ 144.700636109043472, -37.977784804265944 ], [ 144.699983099260862, -37.978811263000992 ], [ 144.69920610689141, -37.979782109809904 ], [ 144.698312612201079, -37.980687992465619 ], [ 144.69731121868125, -37.981520184249071 ], [ 144.6962115702446, -37.982270668091438 ], [ 144.695024258351083, -37.982932213882904 ], [ 144.693760719958902, -37.983498448200457 ], [ 144.692433127284261, -37.983963915778688 ], [ 144.691054270436069, -37.984324132128691 ], [ 144.689637434060955, -37.984575626794474 ], [ 144.688196269192986, -37.984715976828589 ], [ 144.686744661551472, -37.984743830161442 ], [ 144.685296597563138, -37.984658918638935 ], [ 144.683866029409444, -37.984462060601359 ], [ 144.682466740408046, -37.984155152979554 ], [ 144.681112212034947, -37.983741152984734 ], [ 144.679815493876532, -37.983224049570424 ], [ 144.67858907777304, -37.982608824943192 ], [ 144.67744477737142, -37.981901406495965 ], [ 144.676393614254181, -37.981108609630027 ], [ 144.675445711743976, -37.980238072019887 ], [ 144.674610197408668, -37.979298179957979 ], [ 144.673895115206363, -37.97829798749256 ], [ 144.673307348113866, -37.977247129140949 ], [ 144.67285255198081, -37.976155727022473 ], [ 144.672535101240072, -37.975034293308646 ], [ 144.672358046991633, -37.973893628932544 ], [ 144.672323087853925, -37.972744719534816 ], [ 144.672430553855804, -37.971598629650046 ], [ 144.672679403513513, -37.970466396152752 ], [ 144.673067234111357, -37.969358921989375 ], [ 144.673590305078022, -37.968286871218559 ], [ 144.674243574223198, -37.967260566369028 ], [ 144.675020746478197, -37.96628988910129 ], [ 144.675914334664213, -37.965384185127064 ], [ 144.676915731696795, -37.964552174298731 ], [ 144.678015293528375, -37.963801866731167 ], [ 144.679202432027068, -37.963140485759986 ], [ 144.680465716898198, -37.962574398474317 ], [ 144.681792985668238, -37.962109054489162 ], [ 144.68317146067568, -37.961748933543845 ], [ 144.68458787194794, -37.961497502427974 ], [ 144.686028584787323, -37.961357181646854 ], [ 144.687479730845723, -37.961329322145843 ], [ 144.688927341434862, -37.961414192316148 ], [ 144.690357481797122, -37.961610975406565 ], [ 144.691756385054617, -37.961917777366466 ], [ 144.693110584555342, -37.962331645045154 ], [ 144.694407043351191, -37.96284859457392 ], [ 144.695633279569165, -37.963463649659971 ], [ 144.696777486475185, -37.964170889425702 ], [ 144.697828646079671, -37.964963505336506 ], [ 144.69877663519506, -37.965833866671865 ], [ 144.699612322925191, -37.96677359391348 ], [ 144.700327658648575, -37.967773639347037 ], [ 144.700915749645674, -37.968824374105587 ], [ 144.70137092761945, -37.969915680819405 ], [ 144.701688803463043, -37.97103705098332 ], [ 144.701866309740041, -37.972177686106463 ], [ 144.701901730460747, -37.973326601672319 ] ] ] } },
{ "type": "Feature", "properties": { "PRIMS_ID": 4143, "NAME": "Tankerton Jetty", "AREA_TYPE": "PORT & COASTAL FACILITY", "NAME_SHORT": "Tankerton Jetty", "AREA_SRC": "GIS PARKRES", "MANAGER": "Parks Victoria as COM", "VEAC_REC": "-", "VEAC_STUDY": "No LCC Recommendation", "IUCN": "Not a Protected Area", "TOTAL_AREA": 5.66, "POLY_SRC": "HOLDING", "AREATYPEID": 50, "SRCHNAME": "TANKERTON JETTY", "ESTAB_DATE": null, "LAST_MOD": "2021-05-05", "VERS_DATE": "2025-07-03", "HECTARES": 5.69, "AREASQM": 56947.85, "INTERNAL_ID": 10026, "buffer_m": 1300 }, "geometry": { "type": "Polygon", "coordinates": [ [ [ 145.285206038023489, -38.38305997453871 ], [ 145.285107287002745, -38.384206779717914 ], [ 145.284866196437463, -38.385340443269889 ], [ 145.284485081818076, -38.386450046386543 ], [ 145.283967607732222, -38.387524901517978 ], [ 145.283318752794202, -38.388554655355705 ], [ 145.282544761888317, -38.389529388612324 ], [ 145.281653086179119, -38.390439711634016 ], [ 145.280652311459932, -38.391276854921777 ], [ 145.27955207552634, -38.392032753686159 ], [ 145.278362975367031, -38.392700125617161 ], [ 145.277096465066279, -38.393272541116481 ], [ 145.27576474540291, -38.393744485312105 ], [ 145.274380646211881, -38.39411141125408 ], [ 145.272957502647387, -38.394369783775964 ], [ 145.271509026545687, -38.394517113597104 ], [ 145.270049174134641, -38.394551981334644 ], [ 145.268592011373414, -38.394474051192809 ], [ 145.267151578228578, -38.394284074196889 ], [ 145.265741753204338, -38.393983880940596 ], [ 145.264376119440527, -38.393576363917511 ], [ 145.26306783367869, -38.393065449608329 ], [ 145.261829499364978, -38.392456060594718 ], [ 145.260673045121024, -38.391754068067705 ], [ 145.259609609757604, -38.390966235190852 ], [ 145.258649434943408, -38.390100151867692 ], [ 145.257801766564313, -38.389164161545104 ], [ 145.25707476572407, -38.388167280761792 ], [ 145.256475430240812, -38.387119112220276 ], [ 145.256009527392962, -38.386029752223216 ], [ 145.25568153855599, -38.384909693368769 ], [ 145.25549461625684, -38.383769723444985 ], [ 145.255450554051208, -38.382620821498641 ], [ 145.255549769504711, -38.381474052081558 ], [ 145.255791300431753, -38.38034045869297 ], [ 145.256172814419159, -38.379230957444669 ], [ 145.25669063153174, -38.378156231971801 ], [ 145.257339759972893, -38.377126630600138 ], [ 145.258113944347713, -38.376152066757925 ], [ 145.259005726056813, -38.375241923588455 ], [ 145.260006515233272, -38.374404963679105 ], [ 145.261106673525944, -38.373649244772203 ], [ 145.262295606929882, -38.372982042265967 ], [ 145.263561867769027, -38.372409779247739 ], [ 145.264893264851338, -38.371937964729781 ], [ 145.266276980738354, -38.37157114067864 ], [ 145.267699695006115, -38.371312838345112 ], [ 145.269147712315998, -38.371165544312575 ], [ 145.270607094071181, -38.37113067658855 ], [ 145.272063792399678, -38.371208570968271 ], [ 145.273503785182612, -38.371398477800774 ], [ 145.274913210838889, -38.371698569188709 ], [ 145.276278501575888, -38.372105956553206 ], [ 145.277586513834677, -38.372616718396301 ], [ 145.278824654679482, -38.373225937995493 ], [ 145.279981002923591, -38.373927750670276 ], [ 145.281044423829769, -38.374715400168718 ], [ 145.28200467628497, -38.375581303634384 ], [ 145.282852511419463, -38.376517124532249 ], [ 145.283579761721313, -38.377513852834483 ], [ 145.284179419785659, -38.378561891698325 ], [ 145.284645705937493, -38.379651149804587 ], [ 145.284974124071169, -38.380771138470678 ], [ 145.285161505162108, -38.381911072605881 ], [ 145.285206038023489, -38.38305997453871 ] ] ] } },
{ "type": "Feature", "properties": { "PRIMS_ID": 4127, "NAME": "Portarlington Pier", "AREA_TYPE": "PORT & COASTAL FACILITY", "NAME_SHORT": "Portarlington Pier", "AREA_SRC": "GIS PARKRES", "MANAGER": "Parks Victoria as COM", "VEAC_REC": "-", "VEAC_STUDY": "No LCC Recommendation", "IUCN": "Not a Protected Area", "TOTAL_AREA": 17.377, "POLY_SRC": "VM PARCEL EDITED WITH 25K FEATURES", "AREATYPEID": 50, "SRCHNAME": "PORTARLINGTON PIER", "ESTAB_DATE": null, "LAST_MOD": "2020-12-07", "VERS_DATE": "2025-07-03", "HECTARES": 17.38, "AREASQM": 173765.54, "INTERNAL_ID": 10027, "buffer_m": 1300 }, "geometry": { "type": "Polygon", "coordinates": [ [ [ 144.669600026259388, -38.111740879884074 ], [ 144.669492197379441, -38.112886933950769 ], [ 144.669242701900316, -38.114019118186825 ], [ 144.66885393639771, -38.115126527952945 ], [ 144.668329639303579, -38.116198496756979 ], [ 144.667674855118065, -38.117224699036832 ], [ 144.666895886011531, -38.118195249674834 ], [ 144.666000231276257, -38.119100799282492 ], [ 144.664996515204166, -38.119932624334538 ], [ 144.663894404082527, -38.120682711280807 ], [ 144.662704513104444, -38.121343833821832 ], [ 144.661438304090296, -38.121909622600128 ], [ 144.660107975007378, -38.122374626632542 ], [ 144.658726342355266, -38.122734365888014 ], [ 144.657306717555201, -38.12298537450144 ], [ 144.655862778540524, -38.123125234205126 ], [ 144.654408437793478, -38.123152597653174 ], [ 144.652957708107976, -38.123067201413498 ], [ 144.651524567381159, -38.122869868501162 ], [ 144.650122823745562, -38.122562500429147 ], [ 144.64876598235071, -38.122148058853824 ], [ 144.647467115085988, -38.121630536993607 ], [ 144.646238734508103, -38.121014921098144 ], [ 144.64509267319383, -38.120307142342227 ], [ 144.64403996968602, -38.119514019610726 ], [ 144.64309076213479, -38.118643193729561 ], [ 144.642254190660225, -38.117703053779401 ], [ 144.641538309376955, -38.11670265620635 ], [ 144.64095000892587, -38.115651637511561 ], [ 144.640494950255459, -38.114560121364875 ], [ 144.640177510284985, -38.113438621039812 ], [ 144.640000739965416, -38.11229793811205 ], [ 144.639966335134545, -38.111149058399398 ], [ 144.640074620437048, -38.11000304614636 ], [ 144.640324546455332, -38.108870937473171 ], [ 144.640713700068289, -38.10776363411528 ], [ 144.641238327929159, -38.106691798475644 ], [ 144.641893372826587, -38.105665750998924 ], [ 144.642672522571161, -38.104695370853769 ], [ 144.643568270928853, -38.103790000876764 ], [ 144.644571990009837, -38.102958357690049 ], [ 144.645674013411224, -38.102208447854792 ], [ 144.646863729310923, -38.101547490864235 ], [ 144.648129682616769, -38.100981849713762 ], [ 144.649459685188162, -38.100516969713368 ], [ 144.650840933073198, -38.100157326127579 ], [ 144.652260129636943, -38.099906381144976 ], [ 144.653703613403025, -38.099766550587965 ], [ 144.655157489384123, -38.099739180682327 ], [ 144.656607762647042, -38.099824535108326 ], [ 144.658040472834699, -38.100021792457781 ], [ 144.659441828359917, -38.100329054121552 ], [ 144.66079833898803, -38.100743362532469 ], [ 144.662096945540839, -38.101260729589526 ], [ 144.663325145480712, -38.101876174992135 ], [ 144.664471113172624, -38.10258377411742 ], [ 144.665523813671598, -38.103376714983582 ], [ 144.666473108943137, -38.104247363753721 ], [ 144.667309855496086, -38.105187338153449 ], [ 144.668025992487685, -38.10618758809867 ], [ 144.668614619450324, -38.107238482761453 ], [ 144.669070062887812, -38.108329903238463 ], [ 144.669387931094548, -38.109451339932733 ], [ 144.669565156662628, -38.110591993713832 ], [ 144.669600026259388, -38.111740879884074 ] ] ] } },
{ "type": "Feature", "properties": { "PRIMS_ID": 4114, "NAME": "Cowes Jetty", "AREA_TYPE": "PORT & COASTAL FACILITY", "NAME_SHORT": "Cowes Jetty", "AREA_SRC": "GIS PARKRES", "MANAGER": "Parks Victoria as COM", "VEAC_REC": "-", "VEAC_STUDY": "No LCC Recommendation", "IUCN": "Not a Protected Area", "TOTAL_AREA": 0.321, "POLY_SRC": "VM PARCEL EDITED WITH 25K FEATURES", "AREATYPEID": 50, "SRCHNAME": "COWES JETTY", "ESTAB_DATE": null, "LAST_MOD": "2012-07-11", "VERS_DATE": "2025-07-03", "HECTARES": 0.32, "AREASQM": 3214.99, "INTERNAL_ID": 10028, "buffer_m": 1300 }, "geometry": { "type": "Polygon", "coordinates": [ [ [ 145.2547225675834, -38.4465626212057 ], [ 145.254623210438581, -38.447709375316172 ], [ 145.254381396375663, -38.448842948067046 ], [ 145.253999447835326, -38.449952421518425 ], [ 145.253481037422347, -38.451027109362215 ], [ 145.252831152758006, -38.452056659893621 ], [ 145.252056048637286, -38.453031155775726 ], [ 145.25116318694387, -38.453941209633356 ], [ 145.250161164895587, -38.454778054552776 ], [ 145.249059632307478, -38.455533628611803 ], [ 145.24786919866699, -38.456200652622172 ], [ 145.246601330915524, -38.456772700332138 ], [ 145.245268242922776, -38.457244260408828 ], [ 145.243882777721893, -38.457610789600103 ], [ 145.242458283644567, -38.457868756560508 ], [ 145.241008485555938, -38.458015675916613 ], [ 145.23954735243808, -38.458050132241461 ], [ 145.238088962605673, -38.457971793705639 ], [ 145.236647367862702, -38.45778141527277 ], [ 145.235236457917381, -38.457480831408901 ], [ 145.233869826372114, -38.457072938376335 ], [ 145.232560639587803, -38.456561666284308 ], [ 145.231321509694197, -38.455951941167633 ], [ 145.230164372976446, -38.455249637461542 ], [ 145.22910037481509, -38.454461521333371 ], [ 145.228139762291789, -38.453595185420717 ], [ 145.227291785496561, -38.452658975608358 ], [ 145.226564608488388, -38.451661910552936 ], [ 145.225965230764047, -38.450613594734477 ], [ 145.225499419988381, -38.449524125875399 ], [ 145.225171656628135, -38.448403997622293 ], [ 145.224985091015981, -38.447263998429996 ], [ 145.224941513249945, -38.44611510762433 ], [ 145.225041336208392, -38.444968389645567 ], [ 145.225283591835421, -38.443834887492308 ], [ 145.2256659407212, -38.44272551639137 ], [ 145.22618469487594, -38.441650958717609 ], [ 145.226834853468574, -38.44062156117343 ], [ 145.227610151177174, -38.43964723521659 ], [ 145.228503118678645, -38.438737361692084 ], [ 145.229505154688923, -38.43790070058354 ], [ 145.230606608856448, -38.43714530674945 ], [ 145.23179687470747, -38.436478452452064 ], [ 145.233064491748621, -38.435906557421198 ], [ 145.234397255744824, -38.435435127122354 ], [ 145.235782336113942, -38.435068699820349 ], [ 145.23720639931318, -38.434810802945123 ], [ 145.238655737035799, -38.434663919176742 ], [ 145.240116397991386, -38.434629462574556 ], [ 145.241574322010052, -38.434707764978654 ], [ 145.243015475188912, -38.434898072813915 ], [ 145.244425984788762, -38.435198554327307 ], [ 145.245792272592269, -38.435606317189837 ], [ 145.247101185448287, -38.436117436294602 ], [ 145.24834012175404, -38.436726991486019 ], [ 145.249497152663849, -38.437429114858986 ], [ 145.250561136863212, -38.438217047176266 ], [ 145.251521827807153, -38.439083202863998 ], [ 145.252369972391904, -38.44001924296338 ], [ 145.25309740011042, -38.441016155339703 ], [ 145.253697101831307, -38.442064341380345 ], [ 145.254163297438708, -38.443153708350152 ], [ 145.254491491677015, -38.444273766518116 ], [ 145.254678517655094, -38.445413730122688 ], [ 145.2547225675834, -38.4465626212057 ] ] ] } },
{ "type": "Feature", "properties": { "PRIMS_ID": 4115, "NAME": "Dromana Pier", "AREA_TYPE": "PORT & COASTAL FACILITY", "NAME_SHORT": "Dromana Pier", "AREA_SRC": "GIS PARKRES", "MANAGER": "Parks Victoria as COM", "VEAC_REC": "-", "VEAC_STUDY": "No LCC Recommendation", "IUCN": "Not a Protected Area", "TOTAL_AREA": 0.324, "POLY_SRC": "VM PARCEL EDITED WITH 25K FEATURES", "AREATYPEID": 50, "SRCHNAME": "DROMANA PIER", "ESTAB_DATE": null, "LAST_MOD": "2012-07-11", "VERS_DATE": "2025-07-03", "HECTARES": 0.32, "AREASQM": 3238.86, "INTERNAL_ID": 10029, "buffer_m": 1300 }, "geometry": { "type": "Polygon", "coordinates": [ [ [ 144.979296962167069, -38.331504937406976 ], [ 144.97919349915361, -38.332651366811206 ], [ 144.978947868297013, -38.333784287086765 ], [ 144.978562428857344, -38.334892786542305 ], [ 144.978040887129566, -38.335966188220127 ], [ 144.977388260969065, -38.336994152778757 ], [ 144.976610831654625, -38.337966778139325 ], [ 144.975716083545109, -38.338874694933153 ], [ 144.974712632105479, -38.339709156828334 ], [ 144.9736101409909, -38.340462124861482 ], [ 144.972419228985871, -38.341126344958816 ], [ 144.971151367693665, -38.341695417896133 ], [ 144.969818770963741, -38.342163861019969 ], [ 144.968434277125311, -38.342527161132104 ], [ 144.9670112251668, -38.342781818024619 ], [ 144.965563326060334, -38.342925378243933 ], [ 144.964104530479119, -38.34295645875617 ], [ 144.962648894190323, -38.342874760284573 ], [ 144.96121044243003, -38.342681070190082 ], [ 144.959803034576339, -38.342377254866953 ], [ 144.958440230433496, -38.341966241727917 ], [ 144.957135159424524, -38.341451990953708 ], [ 144.955900393960292, -38.340839457281177 ], [ 144.954747828211765, -38.340134542201064 ], [ 144.953688563458741, -38.339344037028972 ], [ 144.952732801123176, -38.338475557401246 ], [ 144.951889744519377, -38.337537469830743 ], [ 144.951167510267311, -38.336538811033634 ], [ 144.950573050220441, -38.335489200807757 ], [ 144.950112084656524, -38.334398749305485 ], [ 144.949789047368881, -38.333277959596998 ], [ 144.949607043180265, -38.332137626465304 ], [ 144.949567818280343, -38.330988732409473 ], [ 144.949671743662918, -38.32984234185934 ], [ 144.949917811813094, -38.328709494620988 ], [ 144.950303646665901, -38.327601099578963 ], [ 144.950825526730881, -38.326527829678426 ], [ 144.951478421150455, -38.325500019196731 ], [ 144.952256038336884, -38.32452756429165 ], [ 144.953150886711455, -38.323619827781336 ], [ 144.954154346956074, -38.322785549069529 ], [ 144.955256755077187, -38.322032760079971 ], [ 144.956447495479694, -38.321368708005885 ], [ 144.957715103154953, -38.320799785614447 ], [ 144.959047373999795, -38.320331469773713 ], [ 144.960431482208605, -38.319968268790518 ], [ 144.961854103612524, -38.31971367906327 ], [ 144.963301543785292, -38.319570151464447 ], [ 144.964759869690425, -38.31953906777435 ], [ 144.966215043610077, -38.319620727391822 ], [ 144.967653058076735, -38.3198143444491 ], [ 144.969060070517259, -38.320118055358698 ], [ 144.970422536322928, -38.320528936720422 ], [ 144.9717273390728, -38.321043033417688 ], [ 144.972961916665099, -38.321655396634739 ], [ 144.974114382148599, -38.322360131431324 ], [ 144.97517363809672, -38.323150453420034 ], [ 144.976129483425751, -38.324018754004186 ], [ 144.976972711632101, -38.324956673551448 ], [ 144.977695199501227, -38.325955181802691 ], [ 144.978289985433179, -38.327004664745466 ], [ 144.978751336626686, -38.328095017118827 ], [ 144.979074804468922, -38.329215739662047 ], [ 144.979257267591095, -38.330356040173264 ], [ 144.979296962167069, -38.331504937406976 ] ] ] } },
{ "type": "Feature", "properties": { "PRIMS_ID": 4142, "NAME": "Swan Bay Jetty", "AREA_TYPE": "PORT & COASTAL FACILITY", "NAME_SHORT": "Swan Bay Jetty", "AREA_SRC": "GIS PARKRES", "MANAGER": "Parks Victoria as COM", "VEAC_REC": "-", "VEAC_STUDY": "No LCC Recommendation", "IUCN": "Not a Protected Area", "TOTAL_AREA": 145.567, "POLY_SRC": "VM PARCEL EDITED WITH 25K FEATURES", "AREATYPEID": 50, "SRCHNAME": "SWAN BAY JETTY", "ESTAB_DATE": null, "LAST_MOD": "2024-11-20", "VERS_DATE": "2025-07-03", "HECTARES": 145.57, "AREASQM": 1455667.5, "INTERNAL_ID": 10030, "buffer_m": 1300 }, "geometry": { "type": "Polygon", "coordinates": [ [ [ 144.693081065402936, -38.224155334231796 ], [ 144.692973347142328, -38.225301396163331 ], [ 144.69272373949434, -38.226433609756121 ], [ 144.69233464007786, -38.227541070087895 ], [ 144.691809790505744, -38.228613110177072 ], [ 144.691154240567471, -38.229639403770449 ], [ 144.690374299781581, -38.230610064864557 ], [ 144.689477476777228, -38.231515742999022 ], [ 144.688472407083196, -38.232347713401353 ], [ 144.687368770015865, -38.233097961111127 ], [ 144.686177195464182, -38.2337592582696 ], [ 144.68490916146996, -38.234325233826475 ], [ 144.683576883590717, -38.234790434988867 ], [ 144.682193197115339, -38.235150379817014 ], [ 144.680771433271417, -38.235401600456932 ], [ 144.679325290624149, -38.235541676591261 ], [ 144.677868702912917, -38.235569258783798 ], [ 144.67641570460836, -38.235484081491805 ], [ 144.674980295493498, -38.235286965619849 ], [ 144.673576305583765, -38.234979810591007 ], [ 144.672217261696375, -38.234565576012393 ], [ 144.670916256963181, -38.234048253113478 ], [ 144.669685824552431, -38.23343282623425 ], [ 144.668537816821924, -38.23272522473728 ], [ 144.667483291073808, -38.231932265809853 ], [ 144.666532403014429, -38.231061588710745 ], [ 144.665694308947764, -38.23012158109885 ], [ 144.664977077644124, -38.229121298156926 ], [ 144.664387612731076, -38.228070375293093 ], [ 144.663931586350287, -38.226978935264519 ], [ 144.663613384713528, -38.225857490620776 ], [ 144.663436066075491, -38.224716842409002 ], [ 144.663401331519481, -38.223567976118652 ], [ 144.663509508828525, -38.222421955868953 ], [ 144.663759549587155, -38.221289817859052 ], [ 144.664149039532305, -38.220182464106635 ], [ 144.664674222043345, -38.219110557497508 ], [ 144.665330034536055, -38.218084419155254 ], [ 144.666110157402187, -38.217113929117176 ], [ 144.667007075015277, -38.216208431270033 ], [ 144.668012148210778, -38.215376643458022 ], [ 144.669115697537791, -38.21462657362467 ], [ 144.670307096479121, -38.213965442793068 ], [ 144.671574873741662, -38.21339961562164 ], [ 144.672906823633781, -38.212934539200909 ], [ 144.674290123471081, -38.212574690676881 ], [ 144.675711456884216, -38.212323534202632 ], [ 144.677157141849278, -38.212183487629666 ], [ 144.678613262215208, -38.212155899258157 ], [ 144.680065801471272, -38.212241034868306 ], [ 144.681500777475463, -38.212438075157344 ], [ 144.682904376856499, -38.212745123606808 ], [ 144.684263087805022, -38.213159224705379 ], [ 144.685563829983721, -38.213676392353143 ], [ 144.686794080314314, -38.214291648176335 ], [ 144.687941993436112, -38.214999069385946 ], [ 144.688996515682788, -38.215791845723082 ], [ 144.68994749148257, -38.21666234494576 ], [ 144.690785761159617, -38.217602186230813 ], [ 144.691503249195023, -38.218602320787305 ], [ 144.692093042095166, -38.219653118909484 ], [ 144.692549455114033, -38.220744462633959 ], [ 144.692868087181495, -38.221865843112056 ], [ 144.693045863501737, -38.223006461762466 ], [ 144.693081065402936, -38.224155334231796 ] ] ] } },
{ "type": "Feature", "properties": { "PRIMS_ID": 4137, "NAME": "Seaford Pier", "AREA_TYPE": "PORT & COASTAL FACILITY", "NAME_SHORT": "Seaford Pier", "AREA_SRC": "GIS PARKRES", "MANAGER": "Parks Victoria as COM", "VEAC_REC": "-", "VEAC_STUDY": "No LCC Recommendation", "IUCN": "Not a Protected Area", "TOTAL_AREA": 0.18, "POLY_SRC": "VM PARCEL EDITED WITH 25K FEATURES", "AREATYPEID": 50, "SRCHNAME": "SEAFORD PIER", "ESTAB_DATE": null, "LAST_MOD": "2012-07-11", "VERS_DATE": "2025-07-03", "HECTARES": 0.18, "AREASQM": 1797.56, "INTERNAL_ID": 10031, "buffer_m": 1300 }, "geometry": { "type": "Polygon", "coordinates": [ [ [ 145.138512567567545, -38.103710891943045 ], [ 145.138412070832942, -38.104857577216265 ], [ 145.138169810052489, -38.105990956639907 ], [ 145.137788112087094, -38.107100114130162 ], [ 145.137270647241991, -38.10817436642327 ], [ 145.136622394137163, -38.109203366017667 ], [ 145.135849591947078, -38.110177200897695 ], [ 145.134959680462543, -38.111086490075728 ], [ 145.133961228546013, -38.111922474029434 ], [ 145.132863851665604, -38.112677099159669 ], [ 145.131678119299607, -38.113343095451512 ], [ 145.130415453102955, -38.113914046587205 ], [ 145.129088016818059, -38.114384451831334 ], [ 145.127708598994019, -38.114749779089379 ], [ 145.126290489648397, -38.115006508624631 ], [ 145.124847352066894, -38.115152167010628 ], [ 145.123393090983086, -38.115185350989286 ], [ 145.121941718417105, -38.115105741003788 ], [ 145.120507218474756, -38.11491410427535 ], [ 145.119103412419406, -38.114612287393776 ], [ 145.117743825325419, -38.114203198494515 ], [ 145.116441555606769, -38.113690779195011 ], [ 145.115209148685807, -38.113079966562815 ], [ 145.114058476025917, -38.112376645484794 ], [ 145.113000620698614, -38.111587591898974 ], [ 145.112045770591379, -38.1107204074397 ], [ 145.111203120286632, -38.109783446129065 ], [ 145.110480782557062, -38.108785733824583 ], [ 145.109885710328143, -38.107736881202747 ], [ 145.109423629855627, -38.106646991119838 ], [ 145.109098985755821, -38.105526561245533 ], [ 145.108914898412451, -38.104386382909667 ], [ 145.108873134160461, -38.103237437138262 ], [ 145.108974088526253, -38.102090788881753 ], [ 145.109216782675674, -38.100957480454504 ], [ 145.109598873093631, -38.099848425211967 ], [ 145.110116674393225, -38.098774302488586 ], [ 145.110765195024641, -38.097745454806621 ], [ 145.111538185532595, -38.09677178834383 ], [ 145.112428198889319, -38.095862677615678 ], [ 145.113426662317408, -38.095026875286734 ], [ 145.114523959906393, -38.094272427976435 ], [ 145.115709525225071, -38.093606598866153 ], [ 145.116971943038152, -38.093035797848984 ], [ 145.118299059148313, -38.09256551989133 ], [ 145.119678097310668, -38.09220029219621 ], [ 145.121095782097882, -38.091943630674152 ], [ 145.122538466539709, -38.091798006137921 ], [ 145.123992263316495, -38.091764820544768 ], [ 145.12544317825126, -38.091844393513547 ], [ 145.126877244824612, -38.092035959245585 ], [ 145.128280658427343, -38.092337673879427 ], [ 145.129639909066867, -38.092746633208947 ], [ 145.130941911258901, -38.093258900596005 ], [ 145.132174129862022, -38.093869544810943 ], [ 145.133324700649837, -38.094572687439097 ], [ 145.134382544465637, -38.095361559400139 ], [ 145.135337473864325, -38.096228566039485 ], [ 145.136180291216419, -38.097165360168574 ], [ 145.136902877329618, -38.098162922354554 ], [ 145.137498269733243, -38.099211647689927 ], [ 145.137960729867444, -38.100301438209925 ], [ 145.138285798525601, -38.101421800071044 ], [ 145.138470339008592, -38.102561944557152 ], [ 145.138512567567545, -38.103710891943045 ] ] ] } },
{ "type": "Feature", "properties": { "PRIMS_ID": 4138, "NAME": "Sorrento Pier", "AREA_TYPE": "PORT & COASTAL FACILITY", "NAME_SHORT": "Sorrento Pier", "AREA_SRC": "GIS PARKRES", "MANAGER": "Parks Victoria as COM", "VEAC_REC": "-", "VEAC_STUDY": "No LCC Recommendation", "IUCN": "Not a Protected Area", "TOTAL_AREA": 0.394, "POLY_SRC": "VM PARCEL EDITED WITH 25K FEATURES", "AREATYPEID": 50, "SRCHNAME": "SORRENTO PIER", "ESTAB_DATE": null, "LAST_MOD": "2012-07-11", "VERS_DATE": "2025-07-03", "HECTARES": 0.39, "AREASQM": 3942.45, "INTERNAL_ID": 10032, "buffer_m": 1300 }, "geometry": { "type": "Polygon", "coordinates": [ [ [ 144.760498157929788, -38.336060368327594 ], [ 144.760391244168801, -38.337206499752817 ], [ 144.760142207031436, -38.338338857555776 ], [ 144.759753438601109, -38.339446535431264 ], [ 144.759228677261973, -38.34051886430575 ], [ 144.758572971914475, -38.341545515145192 ], [ 144.757792633537633, -38.342516598503018 ], [ 144.756895174558309, -38.34342275984686 ], [ 144.755889236604361, -38.344255269742717 ], [ 144.754784507335216, -38.345006108024343 ], [ 144.753591627147244, -38.345668041133408 ], [ 144.752322086652924, -38.346234691881563 ], [ 144.750988115923121, -38.346700600959132 ], [ 144.749602566562658, -38.347061279594001 ], [ 144.748178787759969, -38.347313252850775 ], [ 144.74673049751226, -38.347454093150304 ], [ 144.745271650274162, -38.347482443684683 ], [ 144.743816302313604, -38.347398031501022 ], [ 144.742378476081939, -38.347201670127113 ], [ 144.740972024914043, -38.346895251713903 ], [ 144.739610499371508, -38.346481728771394 ], [ 144.738307016525226, -38.345965085675324 ], [ 144.737074133445077, -38.345350300221448 ], [ 144.735923726121626, -38.34464329560042 ], [ 144.734866874991923, -38.343850883259236 ], [ 144.73391375817576, -38.342980697202954 ], [ 144.733073553452414, -38.342041120373544 ], [ 144.732354349922133, -38.341041203818563 ], [ 144.731763070201168, -38.339990579431991 ], [ 144.731305403895902, -38.338899367111203 ], [ 144.730985752991245, -38.337778077227227 ], [ 144.730807189672078, -38.336637509350531 ], [ 144.730771426976247, -38.335488648209214 ], [ 144.730878802551331, -38.334342557883502 ], [ 144.731128275663252, -38.333210275255787 ], [ 144.731517437474395, -38.332102703742365 ], [ 144.732042534483185, -38.331030508329299 ], [ 144.73269850488964, -38.330004012921812 ], [ 144.733479027528546, -38.329033100993314 ], [ 144.734376582892082, -38.328127120488212 ], [ 144.735382525648333, -38.327294793891014 ], [ 144.736487167953271, -38.326544134323861 ], [ 144.737679872752636, -38.325882368477231 ], [ 144.738949156173959, -38.325315867111648 ], [ 144.740282798025504, -38.324850083796086 ], [ 144.741667959341129, -38.32448950246971 ], [ 144.7430913058447, -38.324237594328388 ], [ 144.744539136152014, -38.324096784448955 ], [ 144.745997513483758, -38.324068428470241 ], [ 144.74745239963022, -38.324152799554398 ], [ 144.748889789887244, -38.324349085753049 ], [ 144.750295847674295, -38.324655397804193 ], [ 144.751657037547176, -38.325068787285254 ], [ 144.752960255334557, -38.325585274949347 ], [ 144.754192954152614, -38.326199888973896 ], [ 144.755343265091938, -38.326906712756163 ], [ 144.756400111419396, -38.327698941798708 ], [ 144.757353315199794, -38.328568949140504 ], [ 144.758193695311803, -38.329508358707486 ], [ 144.758913155915138, -38.330508125879931 ], [ 144.759504764514361, -38.33155862450451 ], [ 144.759962818864437, -38.332649739516832 ], [ 144.760282902068212, -38.333770964285335 ], [ 144.760461925327661, -38.334911501741956 ], [ 144.760498157929788, -38.336060368327594 ] ] ] } },
{ "type": "Feature", "properties": { "PRIMS_ID": 4111, "NAME": "Altona Pier", "AREA_TYPE": "PORT & COASTAL FACILITY", "NAME_SHORT": "Altona Pier", "AREA_SRC": "GIS PARKRES", "MANAGER": "Parks Victoria as COM", "VEAC_REC": "-", "VEAC_STUDY": "No LCC Recommendation", "IUCN": "Not a Protected Area", "TOTAL_AREA": 0.374, "POLY_SRC": "VM PARCEL EDITED WITH 25K FEATURES", "AREATYPEID": 50, "SRCHNAME": "ALTONA PIER", "ESTAB_DATE": null, "LAST_MOD": "2012-07-11", "VERS_DATE": "2025-07-03", "HECTARES": 0.37, "AREASQM": 3742.32, "INTERNAL_ID": 10033, "buffer_m": 1300 }, "geometry": { "type": "Polygon", "coordinates": [ [ [ 144.844934025565692, -37.872509344021566 ], [ 144.844829451463255, -37.873655696159027 ], [ 144.84458362524839, -37.874788402440508 ], [ 144.84419890821701, -37.875896553231065 ], [ 144.843678999854461, -37.876969474935727 ], [ 144.843028902420855, -37.877996832849476 ], [ 144.842254872959018, -37.878968730758501 ], [ 144.841364363180105, -37.879875806330375 ], [ 144.840365947800393, -37.880709321371654 ], [ 144.839269242015291, -37.881461246079944 ], [ 144.838084808903261, -37.882124336475073 ], [ 144.836824057651768, -37.882692204260032 ], [ 144.835499133586296, -37.883159378435195 ], [ 144.834122801065945, -37.883521358068663 ], [ 144.832708320378146, -37.883774655711484 ], [ 144.831269319825168, -37.883916831037226 ], [ 144.829819664242137, -37.883946514379382 ], [ 144.828373321222415, -37.883863419939075 ], [ 144.826944226347166, -37.883668348534769 ], [ 144.825546148727966, -37.883363179867963 ], [ 144.82419255816626, -37.882950854379907 ], [ 144.822896495218373, -37.882435344875809 ], [ 144.82167044542561, -37.881821618192056 ], [ 144.820526218927597, -37.881115587278238 ], [ 144.819474836624011, -37.880324054158919 ], [ 144.818526423984508, -37.879454644327872 ], [ 144.817690113532024, -37.878515733210534 ], [ 144.81697395693817, -37.877516365406677 ], [ 144.816384847575733, -37.876466167494783 ], [ 144.815928454270761, -37.875375255241309 ], [ 144.815609166886333, -37.874254136111716 ], [ 144.815430054255501, -37.873113608024745 ], [ 144.815392834860546, -37.87196465532692 ], [ 144.815497860531877, -37.870818342990567 ], [ 144.815744113313656, -37.869685710054895 ], [ 144.816129215517321, -37.86857766333619 ], [ 144.816649452855501, -37.867504872430011 ], [ 144.817299810425823, -37.866477667014834 ], [ 144.818074021188494, -37.865505937444091 ], [ 144.818964626465032, -37.864599039581023 ], [ 144.819963047869294, -37.863765704789827 ], [ 144.821059669974375, -37.863013955946016 ], [ 144.822243932917502, -37.86235103027137 ], [ 144.823504434050761, -37.861783309732772 ], [ 144.82482903766055, -37.861316259671256 ], [ 144.826204991702696, -37.860954376249126 ], [ 144.827619050434492, -37.860701143217952 ], [ 144.829057601769222, -37.860558998421205 ], [ 144.830506798134905, -37.860529310352156 ], [ 144.831952689585677, -37.860612364991354 ], [ 144.833381357893956, -37.860807363049837 ], [ 144.83477905034087, -37.861112427644784 ], [ 144.836132311926917, -37.861524622334358 ], [ 144.837428114738145, -37.862039979339841 ], [ 144.838653983230131, -37.862653537685297 ], [ 144.839798114230547, -37.863359390890317 ], [ 144.84084949050964, -37.864150743759538 ], [ 144.841797986829221, -37.865019977726128 ], [ 144.842634467450637, -37.865958724123004 ], [ 144.84335087416278, -37.8669579446805 ], [ 144.843940303980872, -37.86800801847874 ], [ 144.844397075764022, -37.869098834520912 ], [ 144.844716785104424, -37.870219889038879 ], [ 144.844896346953476, -37.871360386596848 ], [ 144.844934025565692, -37.872509344021566 ] ] ] } },
{ "type": "Feature", "properties": { "PRIMS_ID": 4121, "NAME": "Middle Brighton Pier and Breakwater", "AREA_TYPE": "PORT & COASTAL FACILITY", "NAME_SHORT": "Middle Brighton Pier and Breakwater", "AREA_SRC": "GIS PARKRES", "MANAGER": "Parks Victoria as COM", "VEAC_REC": "-", "VEAC_STUDY": "No LCC Recommendation", "IUCN": "Not a Protected Area", "TOTAL_AREA": 19.936, "POLY_SRC": "VM PARCEL EDITED WITH 25K FEATURES", "AREATYPEID": 50, "SRCHNAME": "MIDDLE BRIGHTON PIER AND BREAKWATER", "ESTAB_DATE": null, "LAST_MOD": "2024-08-12", "VERS_DATE": "2025-07-03", "HECTARES": 19.94, "AREASQM": 199360.9, "INTERNAL_ID": 10034, "buffer_m": 1300 }, "geometry": { "type": "Polygon", "coordinates": [ [ [ 144.997524552289121, -37.906825648122172 ], [ 144.997422267177797, -37.907972196057159 ], [ 144.997178628190511, -37.909105278796716 ], [ 144.996795975534639, -37.91021398310064 ], [ 144.996277988783959, -37.911287630060976 ], [ 144.99562965165731, -37.912315878002651 ], [ 144.994857204206028, -37.913288822151152 ], [ 144.993968082864995, -37.914197090104814 ], [ 144.992970848938029, -37.915031932189116 ], [ 144.991875106202514, -37.915785305819213 ], [ 144.990691408425022, -37.916449953054304 ], [ 144.989431157678212, -37.917019470593317 ], [ 144.988106494439762, -37.91748837153402 ], [ 144.986730180535659, -37.917852138297022 ], [ 144.985315476060094, -37.918107266202085 ], [ 144.983876011464332, -37.918251297274395 ], [ 144.982425656054573, -37.918282843952738 ], [ 144.980978384173682, -37.918201602470468 ], [ 144.979548140365864, -37.918008355779136 ], [ 144.978148704831966, -37.917704965987028 ], [ 144.976793560481326, -37.917294356386144 ], [ 144.9754957628694, -37.916780483242285 ], [ 144.974267814281916, -37.916168297622022 ], [ 144.97312154318567, -37.915463697627068 ], [ 144.972067990212025, -37.914673471499263 ], [ 144.97111730177528, -37.913805232147638 ], [ 144.970278632352773, -37.91286734373201 ], [ 144.969560056367243, -37.911868841013856 ], [ 144.96896849051933, -37.910819342254996 ], [ 144.968509627313495, -37.909728956506406 ], [ 144.96818788041324, -37.908608186183301 ], [ 144.968006342344097, -37.907467825867208 ], [ 144.967966754944797, -37.906318858311735 ], [ 144.968069492840868, -37.905172348655086 ], [ 144.968313560091559, -37.904039337858713 ], [ 144.96869660003162, -37.902930736398091 ], [ 144.969214918204074, -37.901857219228944 ], [ 144.969863518153801, -37.900829123038534 ], [ 144.970636149729302, -37.899856346769695 ], [ 144.971525369419851, -37.898948256372535 ], [ 144.9725226121422, -37.898113594698195 ], [ 144.973618273780943, -37.897360397398472 ], [ 144.974801803685949, -37.896695915637885 ], [ 144.976061806235833, -37.896126546358396 ], [ 144.977386150490986, -37.89565777076475 ], [ 144.978762086883791, -37.895294101619264 ], [ 144.980176369827603, -37.895039039850815 ], [ 144.981615385070342, -37.894895040892642 ], [ 144.983065280574237, -37.894863491071796 ], [ 144.984512099670297, -37.894944694275701 ], [ 144.985941915214681, -37.895137869023834 ], [ 144.987340963464391, -37.895441155972641 ], [ 144.988695776393229, -37.895851635782329 ], [ 144.989993311182133, -37.896365357174901 ], [ 144.991221075645399, -37.896977374915494 ], [ 144.992367248392156, -37.897681797353933 ], [ 144.993420792570475, -37.898471843071768 ], [ 144.99437156210405, -37.899339906093026 ], [ 144.995210399399127, -37.900277629034164 ], [ 144.995929223581555, -37.901275983492788 ], [ 144.996521108412793, -37.902325356904647 ], [ 144.996980349129899, -37.903415645035722 ], [ 144.997302517561906, -37.904536349222205 ], [ 144.997484504983987, -37.905676677424175 ], [ 144.997524552289121, -37.906825648122172 ] ] ] } },
{ "type": "Feature", "properties": { "PRIMS_ID": 4119, "NAME": "Kerford Road and Lagoon Piers", "AREA_TYPE": "PORT & COASTAL FACILITY", "NAME_SHORT": "Kerford Road and Lagoon Piers", "AREA_SRC": "GIS PARKRES", "MANAGER": "Parks Victoria as COM", "VEAC_REC": "-", "VEAC_STUDY": "No LCC Recommendation", "IUCN": "Not a Protected Area", "TOTAL_AREA": 1.313, "POLY_SRC": "VM PARCEL EDITED WITH 25K FEATURES", "AREATYPEID": 50, "SRCHNAME": "KERFORD ROAD AND LAGOON PIERS", "ESTAB_DATE": null, "LAST_MOD": "2022-07-21", "VERS_DATE": "2025-07-03", "HECTARES": 0.38, "AREASQM": 3776.92, "INTERNAL_ID": 10035, "buffer_m": 1300 }, "geometry": { "type": "Polygon", "coordinates": [ [ [ 144.957173921396418, -37.84718232301686 ], [ 144.957071136637637, -37.848328831224435 ], [ 144.956827121069125, -37.849461829099965 ], [ 144.956444218546864, -37.850570404216739 ], [ 144.955926111073126, -37.85164387890871 ], [ 144.955277783550656, -37.852671913159099 ], [ 144.954505475958257, -37.853644604252288 ], [ 144.95361662340153, -37.854552582226162 ], [ 144.952619784610334, -37.855387100202861 ], [ 144.951524559567872, -37.856140118724134 ], [ 144.950341497062254, -37.856804383275559 ], [ 144.949081993051067, -37.857373494248826 ], [ 144.947758180819164, -37.857841968665035 ], [ 144.946382813991221, -37.858205293060699 ], [ 144.944969143530813, -37.858459967024004 ], [ 144.94353078991773, -37.858603536959677 ], [ 144.942081611742168, -37.858634619754731 ], [ 144.940635571990441, -37.858552916116267 ], [ 144.939206603319718, -37.858359213451784 ], [ 144.93780847362865, -37.858055378264609 ], [ 144.936454653228566, -37.857644338138456 ], [ 144.935158184903088, -37.857130053486003 ], [ 144.933931558116313, -37.856517479335928 ], [ 144.932786588587817, -37.855812517529223 ], [ 144.931734304399413, -37.855021959788175 ], [ 144.93078483973531, -37.854153422210132 ], [ 144.92994733727997, -37.853215271820538 ], [ 144.929229860214747, -37.852216545896511 ], [ 144.928639314658426, -37.851166864841545 ], [ 144.92818138329514, -37.850076339454041 ], [ 144.927860470824015, -37.848955473485837 ], [ 144.927679661748016, -37.8478150624317 ], [ 144.927640690901796, -37.846666089526657 ], [ 144.927743926992321, -37.845519619954189 ], [ 144.927988369301886, -37.844386694284552 ], [ 144.928371657575099, -37.843278222169609 ], [ 144.928890094985491, -37.842204877317165 ], [ 144.929538683951051, -37.841176994754292 ], [ 144.930311174445819, -37.840204471367358 ], [ 144.93120012433539, -37.839296670673633 ], [ 144.932196971149466, -37.838462332738189 ], [ 144.933292114596526, -37.837709490100373 ], [ 144.934475009024112, -37.837045390515534 ], [ 144.935734264933757, -37.836476427252386 ], [ 144.937057758575008, -37.836008077613435 ], [ 144.938432748566527, -37.835644850267023 ], [ 144.93984599842625, -37.835390241895439 ], [ 144.941283903837899, -37.835246703573276 ], [ 144.942732623435433, -37.835215617198656 ], [ 144.944178211855359, -37.835297282202021 ], [ 144.945606753784972, -37.835490912660617 ], [ 144.947004497725032, -37.835794644845905 ], [ 144.948357988188462, -37.836205555132537 ], [ 144.949654195070934, -37.836719688097453 ], [ 144.95088063895534, -37.83733209454126 ], [ 144.952025511151021, -37.838036879067829 ], [ 144.953077787316602, -37.838827256767637 ], [ 144.954027333576164, -37.839695618462216 ], [ 144.954865004109564, -37.84063360388523 ], [ 144.955582729276358, -37.84163218209914 ], [ 144.95617359342333, -37.842681738376868 ], [ 144.956631901623041, -37.843772166715105 ], [ 144.956953234694822, -37.844892967091631 ], [ 144.957134491972198, -37.846033346532245 ], [ 144.957173921396418, -37.84718232301686 ] ] ] } },
{ "type": "Feature", "properties": { "PRIMS_ID": 4134, "NAME": "Sandringham Jetty and Breakwater", "AREA_TYPE": "PORT & COASTAL FACILITY", "NAME_SHORT": "Sandringham Jetty and Breakwater", "AREA_SRC": "GIS PARKRES", "MANAGER": "Parks Victoria as COM", "VEAC_REC": "-", "VEAC_STUDY": "No LCC Recommendation", "IUCN": "Not a Protected Area", "TOTAL_AREA": 23.997, "POLY_SRC": "VM PARCEL EDITED WITH 25K FEATURES", "AREATYPEID": 50, "SRCHNAME": "SANDRINGHAM JETTY AND BREAKWATER", "ESTAB_DATE": null, "LAST_MOD": "2024-03-18", "VERS_DATE": "2025-07-03", "HECTARES": 24.0, "AREASQM": 239970.2, "INTERNAL_ID": 10000, "buffer_m": 1300 }, "geometry": { "type": "Polygon", "coordinates": [ [ [ 145.010989826175205, -37.943731702065783 ], [ 145.010887673039548, -37.944878259366007 ], [ 145.01064409242889, -37.946011365690367 ], [ 145.010261423975777, -37.947120107572296 ], [ 145.009743347394107, -37.948193805741894 ], [ 145.009094847256449, -37.949222118030114 ], [ 145.008322165174206, -37.950195139041142 ], [ 145.007432739833689, -37.951103495630832 ], [ 145.00643513546018, -37.951938437268204 ], [ 145.005338959394663, -37.952691920406274 ], [ 145.004154769575507, -37.953356686045915 ], [ 145.002893972814888, -37.953926329741805 ], [ 145.001568714852311, -37.954395363372726 ], [ 145.00019176324696, -37.95475926807751 ], [ 144.99877638424212, -37.955014537843759 ], [ 144.997336214794842, -37.95515871332713 ], [ 144.99588513101034, -37.955190405572893 ], [ 144.994437114258062, -37.955109309410254 ], [ 144.993006116268305, -37.954916206389797 ], [ 144.991605924517614, -37.95461295723544 ], [ 144.990250029210273, -37.954202483884814 ], [ 144.988951493145066, -37.953688741292389 ], [ 144.987722825729378, -37.953076679268989 ], [ 144.986575862360922, -37.952372194728319 ], [ 144.98552165034414, -37.951582074803198 ], [ 144.984570342444243, -37.950713931383248 ], [ 144.983731099105796, -37.949776127708091 ], [ 144.983012000277796, -37.948777697727088 ], [ 144.982419967692664, -37.947728259005537 ], [ 144.981960698344125, -37.946637920020187 ], [ 144.981638609799262, -37.945517182739572 ], [ 144.981456797864325, -37.944376841430291 ], [ 144.981417007004467, -37.943227878665702 ], [ 144.981519613792784, -37.942081359540104 ], [ 144.981763623538569, -37.940948325107598 ], [ 144.982146680117893, -37.939839686072027 ], [ 144.982665088901342, -37.938766117750937 ], [ 144.983313852550083, -37.937737957323399 ], [ 144.984086719326086, -37.936765104349284 ], [ 144.984976243445345, -37.935856925515189 ], [ 144.985973856886659, -37.93502216452103 ], [ 144.98706995196045, -37.934268857971794 ], [ 144.98825397384087, -37.933604258080386 ], [ 144.989514522169515, -37.93303476292251 ], [ 144.990839460754017, -37.932565854911154 ], [ 144.992216034308655, -37.932202048080015 ], [ 144.993630991118465, -37.931946844680226 ], [ 144.995070710451103, -37.931802701505731 ], [ 144.996521333499032, -37.931771006269649 ], [ 144.997968896598621, -37.931852064257669 ], [ 144.999399465453223, -37.932045095386243 ], [ 145.000799269077675, -37.932348241694235 ], [ 145.002154832183209, -37.932758585196325 ], [ 145.00345310473736, -37.933272175928082 ], [ 145.004681587459316, -37.933884069914534 ], [ 145.005828452049059, -37.934588376699615 ], [ 145.006882654998151, -37.935378315981509 ], [ 145.007834043889801, -37.936246282812647 ], [ 145.008673455167013, -37.937183920739585 ], [ 145.009392802427016, -37.938182202182595 ], [ 145.00998515439025, -37.939231515284575 ], [ 145.010444801789447, -37.940321756396308 ], [ 145.010767312529339, -37.94144242731047 ], [ 145.010949574578831, -37.942582736310875 ], [ 145.010989826175205, -37.943731702065783 ] ] ] } },
{ "type": "Feature", "properties": { "PRIMS_ID": 4144, "NAME": "Tooradin Jetty", "AREA_TYPE": "PORT & COASTAL FACILITY", "NAME_SHORT": "Tooradin Jetty", "AREA_SRC": "GIS PARKRES", "MANAGER": "Parks Victoria as COM", "VEAC_REC": "-", "VEAC_STUDY": "No LCC Recommendation", "IUCN": "Not a Protected Area", "TOTAL_AREA": 0.049, "POLY_SRC": "VM PARCEL EDITED WITH 25K FEATURES", "AREATYPEID": 50, "SRCHNAME": "TOORADIN JETTY", "ESTAB_DATE": null, "LAST_MOD": "2012-07-11", "VERS_DATE": "2025-07-03", "HECTARES": 0.05, "AREASQM": 494.17, "INTERNAL_ID": 10001, "buffer_m": 1300 }, "geometry": { "type": "Polygon", "coordinates": [ [ [ 145.393609457411145, -38.214215577171295 ], [ 145.393512734730024, -38.215362548472676 ], [ 145.393273976953111, -38.216496516322287 ], [ 145.392895477148187, -38.217606559001929 ], [ 145.392380874754508, -38.218681984750347 ], [ 145.391735120752855, -38.219712434786274 ], [ 145.390964430174307, -38.220687983139911 ], [ 145.390076222397653, -38.22159923232887 ], [ 145.389079049804025, -38.222437403954061 ], [ 145.387982515472515, -38.223194423339322 ], [ 145.386797180706708, -38.223862997395933 ], [ 145.385534463282056, -38.224436684958143 ], [ 145.384206527396202, -38.224909958908775 ], [ 145.382826166385115, -38.225278259492697 ], [ 145.381406679339818, -38.225538038301615 ], [ 145.379961742819006, -38.225686792503957 ], [ 145.378505278900747, -38.225723088987657 ], [ 145.377051320853411, -38.225646578182172 ], [ 145.375613877728881, -38.225457997425636 ], [ 145.374206799192422, -38.225159163844793 ], [ 145.372843641900147, -38.224752956816843 ], [ 145.371537538721299, -38.224243290183971 ], [ 145.370301072072181, -38.223635074489664 ], [ 145.369146152589707, -38.222934169603953 ], [ 145.368083904318297, -38.222147328196456 ], [ 145.367124557520242, -38.221282130605552 ], [ 145.366277350144031, -38.220346911734616 ], [ 145.365550438899703, -38.219350680683171 ], [ 145.364950820796309, -38.218303033891004 ], [ 145.36448426589314, -38.217214062634909 ], [ 145.364155261907797, -38.216094255772632 ], [ 145.363966971206878, -38.214954398673008 ], [ 145.363921200586191, -38.213805469307907 ], [ 145.364018384121948, -38.21265853250835 ], [ 145.364257579248601, -38.211524633403741 ], [ 145.364636476091277, -38.210414691070511 ], [ 145.365151419952866, -38.209339393413586 ], [ 145.365797446730085, -38.208309094291778 ], [ 145.366568330909246, -38.207333713875364 ], [ 145.367456645671609, -38.206422643192944 ], [ 145.368453834524701, -38.20558465378376 ], [ 145.369550293764462, -38.204827813321479 ], [ 145.370735464973166, -38.204159408018938 ], [ 145.371997936660676, -38.203585872556758 ], [ 145.37332555407292, -38.203112728206975 ], [ 145.374705536112685, -38.202744529744244 ], [ 145.37612459825263, -38.202484821652398 ], [ 145.377569080262901, -38.202336104045379 ], [ 145.37902507753202, -38.202299808628943 ], [ 145.380478574724691, -38.202376284932605 ], [ 145.381915580499424, -38.20256479694411 ], [ 145.383322261998075, -38.202863530178554 ], [ 145.384685077822496, -38.20326960911499 ], [ 145.385990908225807, -38.203779124833737 ], [ 145.387227181274312, -38.204387172590799 ], [ 145.388381993771077, -38.20508789896995 ], [ 145.389444225783137, -38.205874558161426 ], [ 145.39040364767294, -38.206739576829349 ], [ 145.391251018606312, -38.207674626946243 ], [ 145.391978175587809, -38.208670705897681 ], [ 145.392578112164841, -38.20971822308902 ], [ 145.393045046039305, -38.210807092223938 ], [ 145.393374474929999, -38.211926828369151 ], [ 145.393563220141374, -38.213066648873443 ], [ 145.393609457411145, -38.214215577171295 ] ] ] } },
{ "type": "Feature", "properties": { "PRIMS_ID": 4866, "NAME": "Port of Port Campbell", "AREA_TYPE": "PORT & COASTAL FACILITY", "NAME_SHORT": "Port of Port Campbell", "AREA_SRC": "GIS PARKRES", "MANAGER": "Committee of Management", "VEAC_REC": "-", "VEAC_STUDY": "No LCC Recommendation", "IUCN": "Not a Protected Area", "TOTAL_AREA": 0.442, "POLY_SRC": "VM PARCEL EDITED WITH 25K FEATURES", "AREATYPEID": 50, "SRCHNAME": "PORT OF PORT CAMPBELL", "ESTAB_DATE": "2008-10-28", "LAST_MOD": "2025-04-23", "VERS_DATE": "2025-07-03", "HECTARES": 0.44, "AREASQM": 4417.47, "INTERNAL_ID": 10002, "buffer_m": 1300 }, "geometry": { "type": "Polygon", "coordinates": [ [ [ 143.006629455163448, -38.621699283543016 ], [ 143.006494089262731, -38.622842358330828 ], [ 143.006216546318598, -38.623969519057255 ], [ 143.0057994930294, -38.625069909214993 ], [ 143.005246940355875, -38.626132929681489 ], [ 143.004564205104629, -38.627148340861979 ], [ 143.003757858900428, -38.628106361384077 ], [ 143.002835665032308, -38.628997762390284 ], [ 143.001806503776038, -38.629813956516621 ], [ 143.000680286909301, -38.630547080697063 ], [ 142.999467862240749, -38.631190071991611 ], [ 142.998180909073739, -38.631736735704706 ], [ 142.996831825613214, -38.632181805133321 ], [ 142.99543360940504, -38.632520992366523 ], [ 142.993999731965062, -38.632751029643785 ], [ 142.992544008813098, -38.632869700871638 ], [ 142.991080466172036, -38.632875862993131 ], [ 142.989623205625492, -38.632769457003349 ], [ 142.988186268047883, -38.632551508504648 ], [ 142.98678349812667, -38.632224117796603 ], [ 142.985428410792593, -38.631790439597644 ], [ 142.984134060852114, -38.631254652595345 ], [ 142.98291291708685, -38.630621919121474 ], [ 142.981776742038164, -38.629898335343199 ], [ 142.980736478641035, -38.629090872453723 ], [ 142.979802144801027, -38.628207309432547 ], [ 142.978982736932096, -38.627256158026967 ], [ 142.978286143382832, -38.626246580681176 ], [ 142.977719068582871, -38.625188302207086 ], [ 142.977286968635212, -38.624091516051067 ], [ 142.976993998968595, -38.622966786062292 ], [ 142.9768429745464, -38.621824944711108 ], [ 142.976835343006883, -38.620676988739255 ], [ 142.976971170983404, -38.61953397324843 ], [ 142.977249143726254, -38.618406905246644 ], [ 142.977666578020148, -38.617306637677885 ], [ 142.978219448262507, -38.616243764953666 ], [ 142.978902425442783, -38.615228520991117 ], [ 142.979708928638985, -38.61427068073651 ], [ 142.980631188529003, -38.613379466119795 ], [ 142.981660322299803, -38.612563457342048 ], [ 142.982786419230024, -38.611830510346536 ], [ 142.983998636120049, -38.611187681264077 ], [ 142.985285301651345, -38.610641158556533 ], [ 142.986634028672682, -38.610196203508167 ], [ 142.988031833335953, -38.609857099634333 ], [ 142.989465259940687, -38.609627111492102 ], [ 142.990920510292455, -38.609508453286715 ], [ 142.992383576337858, -38.609502267574683 ], [ 142.993840374808514, -38.609608614267493 ], [ 142.995276882587405, -38.609826470041533 ], [ 142.996679271503922, -38.610153738160584 ], [ 142.998034041269136, -38.610587268617252 ], [ 142.999328149280615, -38.611122888401596 ], [ 143.000549136053934, -38.611755441607961 ], [ 143.001685245080779, -38.612478838996751 ], [ 143.002725535963435, -38.613286116537608 ], [ 143.003659989740015, -38.614169502373883 ], [ 143.00447960538753, -38.615120491567382 ], [ 143.005176486572509, -38.61612992790765 ], [ 143.005743917811628, -38.617188092001513 ], [ 143.006176429304162, -38.618284794798171 ], [ 143.006469849805995, -38.619409475651899 ], [ 143.006621347028329, -38.620551303980648 ], [ 143.006629455163448, -38.621699283543016 ] ] ] } },
{ "type": "Feature", "properties": { "PRIMS_ID": 4113, "NAME": "Corinella Pier", "AREA_TYPE": "PORT & COASTAL FACILITY", "NAME_SHORT": "Corinella Jetty", "AREA_SRC": "GIS PARKRES", "MANAGER": "Parks Victoria as COM", "VEAC_REC": "-", "VEAC_STUDY": "No LCC Recommendation", "IUCN": "Not a Protected Area", "TOTAL_AREA": 1.224, "POLY_SRC": "VM PARCEL EDITED WITH 25K FEATURES", "AREATYPEID": 50, "SRCHNAME": "CORINELLA PIER Corinella Jetty", "ESTAB_DATE": null, "LAST_MOD": "2024-12-03", "VERS_DATE": "2025-07-03", "HECTARES": 1.22, "AREASQM": 12239.21, "INTERNAL_ID": 10003, "buffer_m": 1300 }, "geometry": { "type": "Polygon", "coordinates": [ [ [ 145.437605249112153, -38.407498605444694 ], [ 145.437508855500909, -38.408645586022942 ], [ 145.437270040589397, -38.409779608560939 ], [ 145.436891097930953, -38.410889750814128 ], [ 145.436375671168122, -38.411965320058854 ], [ 145.435728719165269, -38.412995956124725 ], [ 145.434956468442977, -38.413971731239783 ], [ 145.434066353366887, -38.414883245724283 ], [ 145.433066944659572, -38.415721718608161 ], [ 145.431967866920417, -38.416479072296084 ], [ 145.430779705945355, -38.417148010460757 ], [ 145.42951390673872, -38.417722088410386 ], [ 145.428182663200829, -38.418195775249004 ], [ 145.426798800556952, -38.418564507226996 ], [ 145.425375651665917, -38.418824731765156 ], [ 145.423926928405479, -38.418973941725298 ], [ 145.422466589382111, -38.419010699595063 ], [ 145.421008705247687, -38.418934651352771 ], [ 145.419567322930135, -38.418746529877723 ], [ 145.41815633009611, -38.418448147873242 ], [ 145.416789321159996, -38.418042380371126 ], [ 145.415479466140198, -38.417533136987835 ], [ 145.414239383633145, -38.416925324201316 ], [ 145.413081019136428, -38.416224798014937 ], [ 145.41201552989881, -38.415438307467298 ], [ 145.411053177409457, -38.414573429535658 ], [ 145.410203228565223, -38.413638496063953 ], [ 145.409473866466982, -38.412642513422675 ], [ 145.408872111703431, -38.411595075678399 ], [ 145.40840375487619, -38.410506272112791 ], [ 145.408073301011171, -38.409386589985047 ], [ 145.407883926384585, -38.408246813476651 ], [ 145.407837448171051, -38.407097919794424 ], [ 145.407934307197223, -38.405950973433477 ], [ 145.408173563957149, -38.404817019619387 ], [ 145.408552907917596, -38.403706977955714 ], [ 145.409068680014087, -38.402631537300543 ], [ 145.409715908111394, -38.401601052882597 ], [ 145.410488355078684, -38.40062544664611 ], [ 145.411378579008755, -38.399714111780924 ], [ 145.412378004995873, -38.398875822354427 ], [ 145.413477007776578, -38.398118648911812 ], [ 145.414665004435506, -38.397449880853593 ], [ 145.415930556282916, -38.396875956334505 ], [ 145.417261478924416, -38.396402400354283 ], [ 145.418644959466548, -38.396033771633689 ], [ 145.420067679734473, -38.395773618783821 ], [ 145.421515944322152, -38.395624446187924 ], [ 145.422975812249632, -38.395587689922465 ], [ 145.4244332309691, -38.395663703947477 ], [ 145.425874171438153, -38.39585175669859 ], [ 145.427284762970231, -38.396150038113532 ], [ 145.4286514265726, -38.396555677026086 ], [ 145.429961005498001, -38.397064768761439 ], [ 145.431200891760085, -38.397672412669372 ], [ 145.432359147402821, -38.398372759236423 ], [ 145.43342461936075, -38.399159066326689 ], [ 145.43438704680861, -38.400023764013035 ], [ 145.435237159969006, -38.400958527378272 ], [ 145.435966769426472, -38.40195435658903 ], [ 145.436568845086441, -38.403001663474953 ], [ 145.4370375840154, -38.404090363783155 ], [ 145.437368466503528, -38.405209974222629 ], [ 145.437558299802816, -38.406349713366794 ], [ 145.437605249112153, -38.407498605444694 ] ] ] } },
{ "type": "Feature", "properties": { "PRIMS_ID": 4136, "NAME": "San Remo Jetty", "AREA_TYPE": "PORT & COASTAL FACILITY", "NAME_SHORT": "San Remo Jetty", "AREA_SRC": "GIS PARKRES", "MANAGER": "Parks Victoria as COM", "VEAC_REC": "-", "VEAC_STUDY": "No LCC Recommendation", "IUCN": "Not a Protected Area", "TOTAL_AREA": 1.644, "POLY_SRC": "VM PARCEL EDITED WITH 25K FEATURES", "AREATYPEID": 50, "SRCHNAME": "SAN REMO JETTY", "ESTAB_DATE": null, "LAST_MOD": "2025-05-06", "VERS_DATE": "2025-07-03", "HECTARES": 1.64, "AREASQM": 16435.45, "INTERNAL_ID": 10004, "buffer_m": 1000 }, "geometry": { "type": "Polygon", "coordinates": [ [ [ 145.376255088773689, -38.520363362286787 ], [ 145.376180029334961, -38.521245580916705 ], [ 145.375995256525215, -38.522117771190018 ], [ 145.375702546023604, -38.522971532846107 ], [ 145.375304713356655, -38.523798642829519 ], [ 145.374805586915357, -38.524591134515823 ], [ 145.374209971199349, -38.525341374476859 ], [ 145.373523600637725, -38.526042136044737 ], [ 145.37275308442787, -38.526686668964267 ], [ 145.371905842921024, -38.527268764460736 ], [ 145.370990036165807, -38.527782815094149 ], [ 145.370014485297446, -38.528223868821271 ], [ 145.368988587531135, -38.52858767674244 ], [ 145.367922225579946, -38.528870734071241 ], [ 145.366825672372954, -38.529070313930504 ], [ 145.365709491995148, -38.529184493647456 ], [ 145.364584437808048, -38.529212173293644 ], [ 145.363461348737843, -38.529153086289867 ], [ 145.362351044734908, -38.529007801973975 ], [ 145.361264222418754, -38.528777720106227 ], [ 145.360211351917911, -38.528465057366212 ], [ 145.359202575904874, -38.52807282597152 ], [ 145.35824761180308, -38.527604804626101 ], [ 145.357355658112027, -38.527065502079196 ], [ 145.356535305756495, -38.526460113647865 ], [ 145.355794455315845, -38.525794471124136 ], [ 145.355140240931746, -38.525074986551282 ], [ 145.354578961627823, -38.52430859041295 ], [ 145.354116020701269, -38.523502664833075 ], [ 145.353755873767938, -38.522664972431535 ], [ 145.353501985958559, -38.521803581523045 ], [ 145.35335679867373, -38.520926788381139 ], [ 145.353321706213336, -38.520043037317159 ], [ 145.35339704249995, -38.519160839344892 ], [ 145.353582078018036, -38.518288690214618 ], [ 145.353875026992654, -38.51743498860592 ], [ 145.354273064732894, -38.516607955266615 ], [ 145.354772354966968, -38.515815553875768 ], [ 145.355368086900768, -38.515065414391522 ], [ 145.356054521638981, -38.514364759620541 ], [ 145.356825047517987, -38.513720335713785 ], [ 145.357672243814903, -38.513138347256742 ], [ 145.358587952218556, -38.512624397575927 ], [ 145.359563355373325, -38.512183434835009 ], [ 145.360589061740512, -38.511819704437094 ], [ 145.361655195962413, -38.511536708189446 ], [ 145.362751493861509, -38.511337170621914 ], [ 145.363867401164129, -38.511223012781997 ], [ 145.36499217500284, -38.511195333757463 ], [ 145.36611498722516, -38.511254400103596 ], [ 145.367225028519755, -38.511399643276441 ], [ 145.368311612362902, -38.511629665096784 ], [ 145.369364277790424, -38.511942251192686 ], [ 145.370372890010685, -38.512334392291919 ], [ 145.371327737894717, -38.512802313160535 ], [ 145.372219627409208, -38.513341508910564 ], [ 145.373039970095618, -38.5139467883291 ], [ 145.373780865746198, -38.514612323813402 ], [ 145.374435178481889, -38.515331707433667 ], [ 145.374996605499433, -38.516098012585807 ], [ 145.375459737825082, -38.516903860642422 ], [ 145.375820112487673, -38.517741491962816 ], [ 145.376074255604948, -38.518602840579597 ], [ 145.376219715964993, -38.519479611844439 ], [ 145.376255088773689, -38.520363362286787 ] ] ] } },
{ "type": "Feature", "properties": { "PRIMS_ID": 4130, "NAME": "Rhyll Jetty", "AREA_TYPE": "PORT & COASTAL FACILITY", "NAME_SHORT": "Rhyll Jetty", "AREA_SRC": "GIS PARKRES", "MANAGER": "Parks Victoria as COM", "VEAC_REC": "-", "VEAC_STUDY": "No LCC Recommendation", "IUCN": "Not a Protected Area", "TOTAL_AREA": 0.206, "POLY_SRC": "VICMAP PARCEL", "AREATYPEID": 50, "SRCHNAME": "RHYLL JETTY", "ESTAB_DATE": null, "LAST_MOD": "2014-07-22", "VERS_DATE": "2025-07-03", "HECTARES": 0.21, "AREASQM": 2062.91, "INTERNAL_ID": 10005, "buffer_m": 1300 }, "geometry": { "type": "Polygon", "coordinates": [ [ [ 145.323792729092844, -38.466592197324971 ], [ 145.323694424562888, -38.467739030756498 ], [ 145.323453608194455, -38.468872765715162 ], [ 145.323072592807421, -38.469982482708033 ], [ 145.322555042004467, -38.471057493089504 ], [ 145.321905935111005, -38.472087442054978 ], [ 145.321131519412916, -38.47306240843502 ], [ 145.32023925014451, -38.473973000326083 ], [ 145.319237718798888, -38.474810445633544 ], [ 145.318136570446711, -38.475566676651731 ], [ 145.316946410857952, -38.476234407862144 ], [ 145.315678704319794, -38.476807206197037 ], [ 145.314345663137232, -38.477279553087648 ], [ 145.312960129883635, -38.477646897696026 ], [ 145.311535453540642, -38.477905700814325 ], [ 145.310085360727101, -38.478053469006333 ], [ 145.308623823265663, -38.478088778659753 ], [ 145.307164923371033, -38.478011289716754 ], [ 145.305722717768759, -38.477821748948905 ], [ 145.304311102062627, -38.477521982746012 ], [ 145.302943676667155, -38.477114879487878 ], [ 145.30163361560588, -38.476604361671413 ], [ 145.300393539447015, -38.475995348062689 ], [ 145.299235393608257, -38.475293706242034 ], [ 145.298170333207935, -38.474506196001734 ], [ 145.297208615576267, -38.473640404145812 ], [ 145.296359501463115, -38.472704671322838 ], [ 145.295631165895401, -38.471708011601095 ], [ 145.295030619539574, -38.470660025563944 ], [ 145.294563641323975, -38.469570807766246 ], [ 145.294234722963807, -38.468450849446164 ], [ 145.294047025916711, -38.467310937432174 ], [ 145.294002351174697, -38.466162050221008 ], [ 145.294101122174766, -38.465015252228824 ], [ 145.294342380982414, -38.463881587234667 ], [ 145.294723797775163, -38.462771972042802 ], [ 145.295241693524503, -38.461697091386682 ], [ 145.295891075648939, -38.460667295085621 ], [ 145.296665686285564, -38.459692498442244 ], [ 145.297558062708731, -38.458782086837246 ], [ 145.298559609307489, -38.457944825436904 ], [ 145.299660680424893, -38.457188774879498 ], [ 145.300850673259134, -38.456521213748488 ], [ 145.302118129931273, -38.455948568575572 ], [ 145.30345084773856, -38.455476352043583 ], [ 145.304835996534706, -38.45510910998086 ], [ 145.306260242112614, -38.454850377654481 ], [ 145.307709874407436, -38.454702645780173 ], [ 145.309170939294063, -38.454667336574524 ], [ 145.310629372718552, -38.454744790078202 ], [ 145.312071135881524, -38.454934260881508 ], [ 145.313482350181914, -38.455233925283395 ], [ 145.314849430630971, -38.455640898816164 ], [ 145.316159216461358, -38.456151263968202 ], [ 145.317399097681687, -38.456760107840239 ], [ 145.31855713636574, -38.457461569374857 ], [ 145.319622181512983, -38.458248895708003 ], [ 145.320583976379481, -38.459114507103159 ], [ 145.321433257247179, -38.460050069846744 ], [ 145.322161842680941, -38.461046576406517 ], [ 145.322762712412072, -38.462094432085046 ], [ 145.323230075085092, -38.463183547337103 ], [ 145.323559424210316, -38.464303434865279 ], [ 145.323747581776075, -38.465443310561604 ], [ 145.323792729092844, -38.466592197324971 ] ] ] } },
{ "type": "Feature", "properties": { "PRIMS_ID": 4132, "NAME": "Rosebud Pier", "AREA_TYPE": "PORT & COASTAL FACILITY", "NAME_SHORT": "Rosebud Pier", "AREA_SRC": "GIS PARKRES", "MANAGER": "Parks Victoria as COM", "VEAC_REC": "-", "VEAC_STUDY": "No LCC Recommendation", "IUCN": "Not a Protected Area", "TOTAL_AREA": 0.812, "POLY_SRC": "VM PARCEL EDITED WITH 25K FEATURES", "AREATYPEID": 50, "SRCHNAME": "ROSEBUD PIER", "ESTAB_DATE": null, "LAST_MOD": "2012-07-11", "VERS_DATE": "2025-07-03", "HECTARES": 0.81, "AREASQM": 8120.12, "INTERNAL_ID": 10006, "buffer_m": 1300 }, "geometry": { "type": "Polygon", "coordinates": [ [ [ 144.922785249788319, -38.351377126417638 ], [ 144.922680855118045, -38.352523476281263 ], [ 144.922434267472454, -38.353656247689905 ], [ 144.922047855324905, -38.354764530377331 ], [ 144.921525334340316, -38.355837649465279 ], [ 144.920871731810109, -38.35686526832631 ], [ 144.920093338424323, -38.357837488204318 ], [ 144.919197647837166, -38.358744943630469 ], [ 144.91819328460312, -38.359578892712207 ], [ 144.917089921173215, -38.360331301422619 ], [ 144.915898184748556, -38.360994921074017 ], [ 144.914629554888336, -38.361563358225887 ], [ 144.913296252859936, -38.362031136350581 ], [ 144.911911123800451, -38.362393748658455 ], [ 144.910487512829917, -38.362647701571255 ], [ 144.909039136316409, -38.362790548421977 ], [ 144.907579949540548, -38.362820913054584 ], [ 144.906124012044131, -38.362738503095024 ], [ 144.904685351968254, -38.362544112764809 ], [ 144.903277830698158, -38.36223961521042 ], [ 144.901915009128118, -38.361827944423034 ], [ 144.9006100168437, -38.361313066924311 ], [ 144.899375425489353, -38.360699943493302 ], [ 144.89822312754842, -38.359994481305698 ], [ 144.89716422170855, -38.359203476949808 ], [ 144.896208905920531, -38.358334550871596 ], [ 144.89536637918232, -38.357396073884033 ], [ 144.894644752994623, -38.356397086452446 ], [ 144.894050973338835, -38.355347211536802 ], [ 144.893590753924713, -38.354256561834241 ], [ 144.89326852134559, -38.353135642318023 ], [ 144.893087372662279, -38.351995249014408 ], [ 144.893049045815559, -38.350846364994226 ], [ 144.893153903143315, -38.349700054582328 ], [ 144.893400928151436, -38.348567356804395 ], [ 144.893787735558874, -38.347459179097065 ], [ 144.894310594511126, -38.346386192304287 ], [ 144.894964464728844, -38.345358727969462 ], [ 144.895743045234923, -38.344386678910332 ], [ 144.896638835184234, -38.343479404031299 ], [ 144.897643206203782, -38.342645638286548 ], [ 144.898746485543484, -38.341893408657462 ], [ 144.899938049233668, -38.341229956949768 ], [ 144.901206424353262, -38.340661670149956 ], [ 144.902539399424398, -38.340194019007747 ], [ 144.903924141874796, -38.339831505432919 ], [ 144.905347321441525, -38.339577619209464 ], [ 144.906795238335263, -38.339434804441566 ], [ 144.908253954938175, -38.339404436052313 ], [ 144.909709429776967, -38.339486806560146 ], [ 144.911147652490314, -38.339681123259652 ], [ 144.912554778500521, -38.339985515833916 ], [ 144.913917262102871, -38.340397054326132 ], [ 144.915221986699805, -38.340911777298622 ], [ 144.916456390933917, -38.341524729910731 ], [ 144.917608589512753, -38.34223001155123 ], [ 144.91866748756712, -38.34302083257014 ], [ 144.919622887445428, -38.343889579567019 ], [ 144.920465586918169, -38.344827888610887 ], [ 144.921187467846494, -38.345826725690443 ], [ 144.921781574459573, -38.346876473623603 ], [ 144.922242180482755, -38.347967024593132 ], [ 144.922564844465597, -38.349087877420011 ], [ 144.922746452768678, -38.350228238640817 ], [ 144.922785249788319, -38.351377126417638 ] ] ] } },
{ "type": "Feature", "properties": { "PRIMS_ID": 4123, "NAME": "Mornington Pier and Jetty", "AREA_TYPE": "PORT & COASTAL FACILITY", "NAME_SHORT": "Mornington Pier and Jetty", "AREA_SRC": "GIS PARKRES", "MANAGER": "Parks Victoria as COM", "VEAC_REC": "-", "VEAC_STUDY": "No LCC Recommendation", "IUCN": "Not a Protected Area", "TOTAL_AREA": 1.766, "POLY_SRC": "VM PARCEL EDITED WITH 25K FEATURES", "AREATYPEID": 50, "SRCHNAME": "MORNINGTON PIER AND JETTY", "ESTAB_DATE": null, "LAST_MOD": "2012-07-11", "VERS_DATE": "2025-07-03", "HECTARES": 1.77, "AREASQM": 17657.65, "INTERNAL_ID": 10007, "buffer_m": 1300 }, "geometry": { "type": "Polygon", "coordinates": [ [ [ 145.049178280030333, -38.212663775179152 ], [ 145.049076163561722, -38.21381032229425 ], [ 145.048832093437767, -38.214943450668052 ], [ 145.04844841391855, -38.216052246618638 ], [ 145.047928814374188, -38.217126030347487 ], [ 145.047278293972283, -38.218154458848893 ], [ 145.046503113720377, -38.219127625591099 ], [ 145.0456107363174, -38.220036156006138 ], [ 145.04460975438829, -38.220871297865898 ], [ 145.04350980778861, -38.221625005670198 ], [ 145.042321490773247, -38.222290018230382 ], [ 145.04105624992323, -38.222859928697389 ], [ 145.039726273815148, -38.223329246356109 ], [ 145.038344375499747, -38.223693449587351 ], [ 145.036923868926181, -38.223949029484018 ], [ 145.035478440509337, -38.224093523698883 ], [ 145.034022017085476, -38.224125540195807 ], [ 145.032568631536236, -38.22404477067424 ], [ 145.031132287385645, -38.223851993536876 ], [ 145.029726823683575, -38.223549066372229 ], [ 145.028365781486968, -38.223138908024971 ], [ 145.027062273233867, -38.222625470428518 ], [ 145.025828856276632, -38.222013700473283 ], [ 145.024677411799615, -38.221309492280518 ], [ 145.023619030293048, -38.220519630344747 ], [ 145.022663904689665, -38.219651724096011 ], [ 145.021821232196288, -38.218714134515693 ], [ 145.021099125764749, -38.217715893517052 ], [ 145.020504536054119, -38.216666616870114 ], [ 145.020043184631419, -38.215576411513389 ], [ 145.019719509048855, -38.214455778148256 ], [ 145.019536620320167, -38.21331551005666 ], [ 145.019496273196353, -38.212166589118645 ], [ 145.019598849519127, -38.211020080032753 ], [ 145.019843354802077, -38.20988702375849 ], [ 145.0202274280621, -38.20877833120705 ], [ 145.02074736479787, -38.207704678203385 ], [ 145.021398152883762, -38.206676402729471 ], [ 145.022173521025252, -38.205703405436338 ], [ 145.023065999302901, -38.204795054380085 ], [ 145.024066991215193, -38.203960094896225 ], [ 145.025166856522986, -38.203206565476286 ], [ 145.026355004095308, -38.202541720453731 ], [ 145.027619993862828, -38.201971960239248 ], [ 145.028949646897814, -38.201502769773818 ], [ 145.030331162565091, -38.201138665788655 ], [ 145.031751241620469, -38.200883153376914 ], [ 145.033196214078288, -38.200738692292383 ], [ 145.034652170624611, -38.200706673298022 ], [ 145.036105096319602, -38.200787404790383 ], [ 145.037541005311169, -38.20098010982818 ], [ 145.038946075272406, -38.20128293359366 ], [ 145.040306780277547, -38.201692961215748 ], [ 145.041610020846718, -38.202206245784673 ], [ 145.042843249914426, -38.202817846290834 ], [ 145.043994593516828, -38.203521875124778 ], [ 145.045052965040242, -38.204311554684658 ], [ 145.046008171935568, -38.205179282549047 ], [ 145.046851013872015, -38.206116704591743 ], [ 145.047573371386136, -38.20711479533788 ], [ 145.048168284169833, -38.208163944791551 ], [ 145.048630018240658, -38.209254050902196 ], [ 145.048954121341353, -38.210374616782417 ], [ 145.049137466029038, -38.211514851743708 ], [ 145.049178280030333, -38.212663775179152 ] ] ] } },
{ "type": "Feature", "properties": { "PRIMS_ID": 4118, "NAME": "Hastings Pier", "AREA_TYPE": "PORT & COASTAL FACILITY", "NAME_SHORT": "Hastings Pier", "AREA_SRC": "GIS PARKRES", "MANAGER": "Parks Victoria as COM", "VEAC_REC": "-", "VEAC_STUDY": "No LCC Recommendation", "IUCN": "Not a Protected Area", "TOTAL_AREA": 2.336, "POLY_SRC": "VICMAP PARCEL", "AREATYPEID": 50, "SRCHNAME": "HASTINGS PIER", "ESTAB_DATE": null, "LAST_MOD": "2012-07-11", "VERS_DATE": "2025-07-03", "HECTARES": 2.33, "AREASQM": 23335.74, "INTERNAL_ID": 10008, "buffer_m": 1300 }, "geometry": { "type": "Polygon", "coordinates": [ [ [ 145.21341591060235, -38.308458361751704 ], [ 145.213316176584613, -38.3096050954059 ], [ 145.213074264847023, -38.310738603934013 ], [ 145.212692498818228, -38.311847970013091 ], [ 145.212174549390625, -38.312922508370384 ], [ 145.211525399787462, -38.313951868744866 ], [ 145.210751297760964, -38.314926135637585 ], [ 145.209859695573556, -38.31583592388786 ], [ 145.208859178334905, -38.316672469151015 ], [ 145.207759381380924, -38.317427712403457 ], [ 145.206570897487552, -38.318094377656664 ], [ 145.205305174813418, -38.318666042128349 ], [ 145.20397440655529, -38.319137198190909 ], [ 145.202591413382578, -38.319503306497033 ], [ 145.201169519788976, -38.319760839767468 ], [ 145.199722425558178, -38.319907316816817 ], [ 145.198264073590025, -38.319941326487047 ], [ 145.196808515369412, -38.31986254125723 ], [ 145.195369775382716, -38.319671720397274 ], [ 145.193961715798025, -38.31937070263556 ], [ 145.192597902721872, -38.318962388411741 ], [ 145.191291475330218, -38.318450711887294 ], [ 145.190055019142108, -38.31784060298515 ], [ 145.188900444664057, -38.317137939827511 ], [ 145.187838872579334, -38.316349492032245 ], [ 145.186880526592148, -38.315482855418352 ], [ 145.186034634961004, -38.314546378752638 ], [ 145.185309341669267, -38.313549083247274 ], [ 145.184711628087314, -38.312500575587123 ], [ 145.184247245876747, -38.311410955328263 ], [ 145.183920661777449, -38.310290717562459 ], [ 145.183735014802721, -38.309150651787931 ], [ 145.183692086245969, -38.308001737962378 ], [ 145.183792282779308, -38.306855040740885 ], [ 145.184034632796511, -38.305721602917778 ], [ 145.184416796026028, -38.304612339098824 ], [ 145.184935086311356, -38.303537930626987 ], [ 145.185584507330134, -38.302508722771897 ], [ 145.18635880089991, -38.301534625171243 ], [ 145.187250507397351, -38.30062501647992 ], [ 145.188251037704106, -38.299788654142233 ], [ 145.18935075598219, -38.299033590152085 ], [ 145.190539072479027, -38.298367093609031 ], [ 145.191804545469012, -38.297795580811915 ], [ 145.193134991350547, -38.297324553559591 ], [ 145.194517601843017, -38.296958546249243 ], [ 145.195939067158832, -38.296701082278922 ], [ 145.197385703972913, -38.296554640170861 ], [ 145.198843586963591, -38.296520629740307 ], [ 145.200298682668517, -38.296599378537408 ], [ 145.2017369843756, -38.296790128692365 ], [ 145.203144646759512, -38.297091044193941 ], [ 145.204508118977969, -38.297499228532267 ], [ 145.20581427495398, -38.298010752537337 ], [ 145.207050539598839, -38.298620692147381 ], [ 145.208205009766914, -38.299323175746082 ], [ 145.209266568783619, -38.300111440615858 ], [ 145.210224993446758, -38.300977897967464 ], [ 145.211071052474495, -38.301914205923033 ], [ 145.211796595450409, -38.302911349753842 ], [ 145.212394631408927, -38.303959728603772 ], [ 145.212859396299734, -38.305049247866869 ], [ 145.213186408676734, -38.306169416332587 ], [ 145.21337251306818, -38.307309447165849 ], [ 145.21341591060235, -38.308458361751704 ] ] ] } },
{ "type": "Feature", "properties": { "PRIMS_ID": 4133, "NAME": "Rye Pier", "AREA_TYPE": "PORT & COASTAL FACILITY", "NAME_SHORT": "Rye Pier", "AREA_SRC": "GIS PARKRES", "MANAGER": "Parks Victoria as COM", "VEAC_REC": "-", "VEAC_STUDY": "No LCC Recommendation", "IUCN": "Not a Protected Area", "TOTAL_AREA": 0.566, "POLY_SRC": "VM PARCEL EDITED WITH 25K FEATURES", "AREATYPEID": 50, "SRCHNAME": "RYE PIER", "ESTAB_DATE": null, "LAST_MOD": "2025-03-04", "VERS_DATE": "2025-07-03", "HECTARES": 0.57, "AREASQM": 5667.2, "INTERNAL_ID": 10009, "buffer_m": 1300 }, "geometry": { "type": "Polygon", "coordinates": [ [ [ 144.837672340815459, -38.367265704764954 ], [ 144.837566571723556, -38.368411935825037 ], [ 144.837318599408547, -38.369544484711142 ], [ 144.836930805681931, -38.370652443287632 ], [ 144.836406919521295, -38.371725139786001 ], [ 144.835751981377001, -38.372752241638224 ], [ 144.834972294816936, -38.373723855058628 ], [ 144.834075365967522, -38.374630620412191 ], [ 144.833069831329169, -38.37546380244774 ], [ 144.831965374656392, -38.376215374523461 ], [ 144.83077263370194, -38.376878096009399 ], [ 144.829503097722039, -38.377445582117915 ], [ 144.828168996732444, -38.377912365485727 ], [ 144.826783183584752, -38.378273948910824 ], [ 144.825359010004519, -38.378526848733053 ], [ 144.823910197792145, -38.378668628438142 ], [ 144.822450706434637, -38.378697922159276 ], [ 144.82099459841308, -38.378614447848484 ], [ 144.819555903512338, -38.378419009990367 ], [ 144.818148483450074, -38.378113491832096 ], [ 144.816785898138534, -38.377700837205403 ], [ 144.815481274876447, -38.377185022117239 ], [ 144.814247181739177, -38.376571016384773 ], [ 144.813095506393665, -38.375864735687443 ], [ 144.812037341510916, -38.37507298450064 ], [ 144.811082877883536, -38.3742033904647 ], [ 144.810241306279664, -38.373264330824881 ], [ 144.809520728978697, -38.37226485165472 ], [ 144.808928081838729, -38.371214580644562 ], [ 144.808469067642733, -38.370123634298587 ], [ 144.808148101359791, -38.369002520437519 ], [ 144.807968267841488, -38.367862036948331 ], [ 144.807931292352521, -38.366713167758391 ], [ 144.80803752421059, -38.365566977037112 ], [ 144.808285933682441, -38.364434502644684 ], [ 144.808674122156901, -38.363326649854002 ], [ 144.809198345486465, -38.362254086368324 ], [ 144.80985355026354, -38.361227139644022 ], [ 144.810633422673703, -38.360255697505316 ], [ 144.811530449448384, -38.359349113004953 ], [ 144.812535990323966, -38.358516114444015 ], [ 144.813640361306284, -38.357764721413524 ], [ 144.814832927935583, -38.357102167662809 ], [ 144.816102207654808, -38.35653483153353 ], [ 144.81743598029621, -38.356068174625356 ], [ 144.818821405626466, -38.355706689280517 ], [ 144.820245146823567, -38.35545385539001 ], [ 144.821693498703354, -38.35531210693437 ], [ 144.823152519469176, -38.355282808579517 ], [ 144.824608164724538, -38.355366242551511 ], [ 144.82604642246838, -38.355561605915938 ], [ 144.827453447782773, -38.355867018288379 ], [ 144.828815695925357, -38.356279539902381 ], [ 144.83012005255469, -38.35679519986261 ], [ 144.831353959841891, -38.357409034313356 ], [ 144.832505537262193, -38.358115134157494 ], [ 144.83356369590777, -38.358906701869664 ], [ 144.834518245225695, -38.359776116860381 ], [ 144.835359991154775, -38.360715008765013 ], [ 144.83608082471639, -38.361714337955945 ], [ 144.836673800204551, -38.362764482506485 ], [ 144.837133202217984, -38.363855330772203 ], [ 144.837454600884001, -38.36497637870157 ], [ 144.837634894734862, -38.366116830941301 ], [ 144.837672340815459, -38.367265704764954 ] ] ] } },
{ "type": "Feature", "properties": { "PRIMS_ID": 4146, "NAME": "Warneet South Jetty", "AREA_TYPE": "PORT & COASTAL FACILITY", "NAME_SHORT": "Warneet South Jetty", "AREA_SRC": "GIS PARKRES", "MANAGER": "Parks Victoria as COM", "VEAC_REC": "-", "VEAC_STUDY": "No LCC Recommendation", "IUCN": "Not a Protected Area", "TOTAL_AREA": 0.303, "POLY_SRC": "VM PARCEL EDITED WITH 25K FEATURES", "AREATYPEID": 50, "SRCHNAME": "WARNEET SOUTH JETTY", "ESTAB_DATE": null, "LAST_MOD": "2024-08-14", "VERS_DATE": "2025-07-03", "HECTARES": 0.3, "AREASQM": 3034.79, "INTERNAL_ID": 10010, "buffer_m": 1000 }, "geometry": { "type": "Polygon", "coordinates": [ [ [ 145.317133231708311, -38.227901202476446 ], [ 145.31705788766314, -38.228783416076588 ], [ 145.316873279938562, -38.229655555733693 ], [ 145.316581182681603, -38.230509221674964 ], [ 145.316184405567498, -38.231336191770481 ], [ 145.315686766870868, -38.232128500749958 ], [ 145.315093056805466, -38.232878516954635 ], [ 145.314408991481002, -38.233579015884033 ], [ 145.313641157917118, -38.234223249826876 ], [ 145.312796950641712, -38.234805012903806 ], [ 145.311884500482506, -38.23531870089321 ], [ 145.31091259623787, -38.235759365261586 ], [ 145.309890599981912, -38.236122760875837 ], [ 145.308828356821692, -38.236405386936092 ], [ 145.307736099978825, -38.236604520732683 ], [ 145.306624352113232, -38.236718243900583 ], [ 145.305503823844788, -38.236745460917412 ], [ 145.304385310454848, -38.236685909665638 ], [ 145.303279587768714, -38.236540163957038 ], [ 145.302197308227477, -38.236309627994963 ], [ 145.301148898155731, -38.235996522828415 ], [ 145.300144457220426, -38.235603864928891 ], [ 145.299193661053863, -38.235135437097881 ], [ 145.298305667983072, -38.234595751986824 ], [ 145.297489030766968, -38.233990008582524 ], [ 145.296751614194164, -38.233324042079538 ], [ 145.296100519335937, -38.232604267624218 ], [ 145.295542015184196, -38.231837618474685 ], [ 145.295081478332065, -38.231031479174675 ], [ 145.294723341275244, -38.230193614386522 ], [ 145.294471049829468, -38.229332094070998 ], [ 145.294327030070178, -38.22845521573597 ], [ 145.294292665107662, -38.227571424503957 ], [ 145.294368281915837, -38.226689231769363 ], [ 145.29455314833632, -38.225817133229057 ], [ 145.294845480280543, -38.224963527075786 ], [ 145.295242459054435, -38.224136633141796 ], [ 145.295740258633657, -38.223344413770562 ], [ 145.296334082621854, -38.222594497177234 ], [ 145.29701821053132, -38.221894104034284 ], [ 145.297786052937226, -38.221249977987696 ], [ 145.298630214971979, -38.220668320770422 ], [ 145.299542567546411, -38.220154732535931 ], [ 145.300514325612255, -38.219714157984228 ], [ 145.301536132713011, -38.219350838796785 ], [ 145.30259815101067, -38.219068272836431 ], [ 145.30369015592504, -38.218869180503262 ], [ 145.304801634477599, -38.218755478568838 ], [ 145.305921886398124, -38.218728261739578 ], [ 145.307040127025033, -38.218787792125802 ], [ 145.308145591015233, -38.218933496717597 ], [ 145.309227635869178, -38.219163972891678 ], [ 145.310275844281165, -38.219477001896671 ], [ 145.311280124333877, -38.21986957018796 ], [ 145.312230806577645, -38.220337898407614 ], [ 145.31311873706349, -38.220877477732216 ], [ 145.313935365437544, -38.221483113240261 ], [ 145.31467282725103, -38.222148973883591 ], [ 145.31532401969406, -38.222868648584011 ], [ 145.315882670024564, -38.223635207916871 ], [ 145.316343396031925, -38.224441270790074 ], [ 145.316701757951336, -38.22527907547834 ], [ 145.31695430132558, -38.226140554330456 ], [ 145.317098590397848, -38.227017411431994 ], [ 145.317133231708311, -38.227901202476446 ] ] ] } },
{ "type": "Feature", "properties": { "PRIMS_ID": 4140, "NAME": "St Kilda Pier and Breakwater", "AREA_TYPE": "PORT & COASTAL FACILITY", "NAME_SHORT": "St Kilda Pier and Breakwater", "AREA_SRC": "GIS PARKRES", "MANAGER": "Parks Victoria as COM", "VEAC_REC": "-", "VEAC_STUDY": "No LCC Recommendation", "IUCN": "Not a Protected Area", "TOTAL_AREA": 41.98, "POLY_SRC": "VM PARCEL EDITED WITH 25K FEATURES", "AREATYPEID": 50, "SRCHNAME": "ST KILDA PIER AND BREAKWATER", "ESTAB_DATE": null, "LAST_MOD": "2022-03-08", "VERS_DATE": "2025-07-03", "HECTARES": 41.98, "AREASQM": 419797.92, "INTERNAL_ID": 10011, "buffer_m": 1300 }, "geometry": { "type": "Polygon", "coordinates": [ [ [ 144.980469141860397, -37.86204767563968 ], [ 144.980366686128093, -37.863194211199662 ], [ 144.980122965814957, -37.864327263491326 ], [ 144.979740321926784, -37.86543591956665 ], [ 144.979222433967806, -37.866509500982161 ], [ 144.978574284719002, -37.867537666694922 ], [ 144.977802112434631, -37.86851051272415 ], [ 144.976913350909655, -37.869418667615847 ], [ 144.975916557990303, -37.870253382787801 ], [ 144.974821333211736, -37.871006616881431 ], [ 144.973638225354421, -37.871671113304309 ], [ 144.972378630808748, -37.872240470212581 ], [ 144.97105468372888, -37.872709202255884 ], [ 144.969679139037027, -37.873072793486223 ], [ 144.968265249410109, -37.873327740918448 ], [ 144.966826637440562, -37.873471588319831 ], [ 144.965377164209997, -37.873502949901585 ], [ 144.963930795550993, -37.873421523682367 ], [ 144.962501467294004, -37.873228094394769 ], [ 144.961102950807344, -37.872924525906555 ], [ 144.959748720134684, -37.872513743230769 ], [ 144.958451822018475, -37.87199970429905 ], [ 144.957224750069742, -37.871387361772726 ], [ 144.956079324302578, -37.87068261526192 ], [ 144.955026577199732, -37.869892254416051 ], [ 144.954076647409664, -37.869023893437486 ], [ 144.953238682101443, -37.868085897652854 ], [ 144.952520748917863, -37.867087302852816 ], [ 144.951929758372984, -37.866037728181077 ], [ 144.951471397437501, -37.864947283414892 ], [ 144.951150074947094, -37.86382647153328 ], [ 144.950968879351535, -37.862686087513886 ], [ 144.950929549204574, -37.861537114335086 ], [ 144.951032456668713, -37.860390617186482 ], [ 144.951276604185381, -37.859257636907166 ], [ 144.95165963433152, -37.858149083677731 ], [ 144.952177852759263, -37.857075631989339 ], [ 144.952826263987902, -37.856047617899605 ], [ 144.953598619695413, -37.855074939562499 ], [ 144.954487479037965, -37.854166961987708 ], [ 144.955484280410332, -37.853332426943304 ], [ 144.956579423952405, -37.852579368865605 ], [ 144.957762364005646, -37.851915037582884 ], [ 144.959021710628321, -37.85134582859272 ], [ 144.960345339193708, -37.850877221561106 ], [ 144.961720507020033, -37.850513727631849 ], [ 144.963133975912996, -37.850258846050941 ], [ 144.964572139448791, -37.850115030520428 ], [ 144.966021153778911, -37.850083665604338 ], [ 144.967467070706022, -37.850165053412155 ], [ 144.96889597175948, -37.850358410687406 ], [ 144.970294101988117, -37.850661876329688 ], [ 144.971648002192012, -37.851072529278362 ], [ 144.972944638328414, -37.851586416587047 ], [ 144.974171526854093, -37.852198591421228 ], [ 144.97531685480368, -37.852903160615107 ], [ 144.976369593453597, -37.853693341333447 ], [ 144.977319604480186, -37.854561526296067 ], [ 144.978157737592511, -37.855499356940577 ], [ 144.978875918699117, -37.856497803822506 ], [ 144.979467227758505, -37.857547253482579 ], [ 144.979925965559516, -37.858637600947681 ], [ 144.980247708783821, -37.859758346978005 ], [ 144.980429352813047, -37.86089869912653 ], [ 144.980469141860397, -37.86204767563968 ] ] ] } },
{ "type": "Feature", "properties": { "PRIMS_ID": 4141, "NAME": "St Leonards Jetty and Breakwater", "AREA_TYPE": "PORT & COASTAL FACILITY", "NAME_SHORT": "St Leonards Jetty and Breakwater", "AREA_SRC": "GIS PARKRES", "MANAGER": "Parks Victoria as COM", "VEAC_REC": "-", "VEAC_STUDY": "No LCC Recommendation", "IUCN": "Not a Protected Area", "TOTAL_AREA": 2.439, "POLY_SRC": "VM PARCEL EDITED WITH 25K FEATURES", "AREATYPEID": 50, "SRCHNAME": "ST LEONARDS JETTY AND BREAKWATER", "ESTAB_DATE": null, "LAST_MOD": "2012-07-11", "VERS_DATE": "2025-07-03", "HECTARES": 2.44, "AREASQM": 24392.79, "INTERNAL_ID": 10012, "buffer_m": 1300 }, "geometry": { "type": "Polygon", "coordinates": [ [ [ 144.735853743506539, -38.171057175296596 ], [ 144.735746814592062, -38.172203309555108 ], [ 144.735498088228269, -38.173335650085818 ], [ 144.73510995355926, -38.17444329075164 ], [ 144.734586142915788, -38.175515562842236 ], [ 144.733931696087012, -38.176542137878158 ], [ 144.733152911968943, -38.177513127153183 ], [ 144.732257288048316, -38.178419177053577 ], [ 144.731253448299071, -38.179251559232796 ], [ 144.730151060181782, -38.180002254769995 ], [ 144.728960741543318, -38.180664031497535 ], [ 144.727693958313495, -38.18123051374905 ], [ 144.72636291398544, -38.181696243852862 ], [ 144.724980431947898, -38.182056734774562 ], [ 144.723559831808217, -38.182308513398738 ], [ 144.722114800903711, -38.182449154030714 ], [ 144.720659262247437, -38.182477301792858 ], [ 144.719207240189064, -38.182392685689528 ], [ 144.717772725094335, -38.18219612121375 ], [ 144.716369538356275, -38.181889502470696 ], [ 144.715011199048206, -38.18147578389474 ], [ 144.713710793511467, -38.180958951737971 ], [ 144.712480849142622, -38.180343985606527 ], [ 144.711333213602472, -38.179636810418572 ], [ 144.710278940615808, -38.178844239249493 ], [ 144.709328183465516, -38.177973907618551 ], [ 144.708490097208937, -38.177034199853694 ], [ 144.70777275055795, -38.176034168247519 ], [ 144.70718304826994, -38.174983445786722 ], [ 144.70672666479291, -38.173892153299164 ], [ 144.706407989798549, -38.172770801915675 ], [ 144.706230086120968, -38.171630191788978 ], [ 144.706194660497346, -38.170481308046703 ], [ 144.706302047383986, -38.169335214982297 ], [ 144.706551205993179, -38.168202949503183 ], [ 144.7069397305699, -38.167095414862288 ], [ 144.707463873799327, -38.166023275695444 ], [ 144.708118583111343, -38.164996855373921 ], [ 144.70889754952276, -38.164026036658349 ], [ 144.709793268541489, -38.163120166607989 ], [ 144.710797112538955, -38.162287966657814 ], [ 144.711899413891331, -38.161537448725724 ], [ 144.713089558086125, -38.160875838154091 ], [ 144.714356085897265, -38.160309504224017 ], [ 144.715686803647202, -38.159843898907241 ], [ 144.717068900497395, -38.159483504442704 ], [ 144.718489071643063, -38.159231790238984 ], [ 144.719933646232903, -38.159091179515158 ], [ 144.72138871878974, -38.159063025999494 ], [ 144.722840282875836, -38.159147600908703 ], [ 144.724274365725137, -38.159344090332851 ], [ 144.725677162555485, -38.159650603050977 ], [ 144.727035169277542, -38.160064188703174 ], [ 144.728335312331126, -38.160580866145523 ], [ 144.729565074406622, -38.161195661717478 ], [ 144.730712614848755, -38.161902657055414 ], [ 144.731766883587227, -38.162695045995441 ], [ 144.732717727502461, -38.163565200021281 ], [ 144.733555988202767, -38.164504741630246 ], [ 144.734273590272466, -38.165504624915002 ], [ 144.734863619138565, -38.166555222588762 ], [ 144.735320387802972, -38.167646418619199 ], [ 144.735639491791289, -38.168767705582226 ], [ 144.735817851783509, -38.169908285800773 ], [ 144.735853743506539, -38.171057175296596 ] ] ] } },
{ "type": "Feature", "properties": { "PRIMS_ID": 4116, "NAME": "Flinders Jetty", "AREA_TYPE": "PORT & COASTAL FACILITY", "NAME_SHORT": "Flinders Jetty", "AREA_SRC": "GIS PARKRES", "MANAGER": "Parks Victoria as COM", "VEAC_REC": "-", "VEAC_STUDY": "No LCC Recommendation", "IUCN": "Not a Protected Area", "TOTAL_AREA": 0.582, "POLY_SRC": "VM PARCEL EDITED WITH 25K FEATURES", "AREATYPEID": 50, "SRCHNAME": "FLINDERS JETTY", "ESTAB_DATE": null, "LAST_MOD": "2012-07-11", "VERS_DATE": "2025-07-03", "HECTARES": 0.58, "AREASQM": 5818.81, "INTERNAL_ID": 10013, "buffer_m": 1300 }, "geometry": { "type": "Polygon", "coordinates": [ [ [ 145.042667713609831, -38.475836727310387 ], [ 145.042564944879018, -38.476983207490647 ], [ 145.042319711123469, -38.478116247866438 ], [ 145.041934367727578, -38.479224935594161 ], [ 145.041412620011187, -38.480298591904102 ], [ 145.040759487766593, -38.481326875000406 ], [ 145.039981257104415, -38.482299879731173 ], [ 145.039085420065561, -38.483208233065874 ], [ 145.038080602574354, -38.484043184457462 ], [ 145.03697648142338, -38.484796690215212 ], [ 145.035783691086408, -38.485461491071739 ], [ 145.034513721257326, -38.486031182193678 ], [ 145.033178806103223, -38.486500274957372 ], [ 145.031791806301811, -38.486864249891624 ], [ 145.030366085004857, -38.487119600273736 ], [ 145.028915378928929, -38.487263865956919 ], [ 145.027453665823231, -38.48729565710066 ], [ 145.025995029600239, -38.487214667574229 ], [ 145.024553524437664, -38.487021677903556 ], [ 145.02314303917089, -38.486718547733084 ], [ 145.021777163291461, -38.486308197876006 ], [ 145.020469055851862, -38.485794582127426 ], [ 145.019231318547469, -38.485182649113874 ], [ 145.01807587420501, -38.48447829454981 ], [ 145.017013851854216, -38.483688304363717 ], [ 145.016055479492735, -38.482820289245616 ], [ 145.015209985579475, -38.481882611249887 ], [ 145.014485510205731, -38.480884303164416 ], [ 145.013889026797017, -38.479834981426215 ], [ 145.013426275096236, -38.478744753425943 ], [ 145.013101706068568, -38.477624120097218 ], [ 145.012918439251081, -38.476483874731528 ], [ 145.012878232949845, -38.475334998995315 ], [ 145.012981467562184, -38.474188557152203 ], [ 145.013227142175111, -38.473055589509677 ], [ 145.013612884462361, -38.471947006116217 ], [ 145.014134973774787, -38.470873481732042 ], [ 145.014788377192872, -38.469845353083159 ], [ 145.015566798184892, -38.46887251938616 ], [ 145.016462737395756, -38.467964347098821 ], [ 145.017467564974567, -38.467129579810639 ], [ 145.018571603741208, -38.46637625413738 ], [ 145.019764222387863, -38.465711622425864 ], [ 145.021033937818544, -38.465142083009326 ], [ 145.022368525642634, -38.464673118681418 ], [ 145.023755137761469, -38.464309243977659 ], [ 145.025180425921747, -38.464053961768947 ], [ 145.026630670052072, -38.463909729582198 ], [ 145.028091910155553, -38.463877935970672 ], [ 145.029550080496961, -38.463958887159926 ], [ 145.03099114480213, -38.46415180409732 ], [ 145.032401231177573, -38.464454829933523 ], [ 145.033766765460911, -38.464865047864826 ], [ 145.03507460172699, -38.46537850916598 ], [ 145.036312148701597, -38.465990271145735 ], [ 145.03746749087216, -38.46669444466243 ], [ 145.038529503135351, -38.467484250745102 ], [ 145.039487957881249, -38.468352085778726 ], [ 145.040333623484884, -38.469289594629451 ], [ 145.041058353257, -38.470287751009565 ], [ 145.041655163995785, -38.471336944311979 ], [ 145.042118303379112, -38.472427072081757 ], [ 145.042443305543401, -38.473547637237104 ], [ 145.042627034306435, -38.474687849106374 ], [ 145.042667713609831, -38.475836727310387 ] ] ] } },
{ "type": "Feature", "properties": { "PRIMS_ID": 4125, "NAME": "Patterson River Rock Walls", "AREA_TYPE": "PORT & COASTAL FACILITY", "NAME_SHORT": "Patterson River Rock Walls", "AREA_SRC": "GIS PARKRES", "MANAGER": "Parks Victoria as COM", "VEAC_REC": "-", "VEAC_STUDY": "No LCC Recommendation", "IUCN": "Not a Protected Area", "TOTAL_AREA": 18.108, "POLY_SRC": "VM PARCEL EDITED WITH 25K FEATURES", "AREATYPEID": 50, "SRCHNAME": "PATTERSON RIVER ROCK WALLS", "ESTAB_DATE": null, "LAST_MOD": "2012-07-11", "VERS_DATE": "2025-07-03", "HECTARES": 18.11, "AREASQM": 181070.29, "INTERNAL_ID": 10014, "buffer_m": 1300 }, "geometry": { "type": "Polygon", "coordinates": [ [ [ 145.133813054091775, -38.074260908542513 ], [ 145.133712543503719, -38.075407594392416 ], [ 145.133470326641032, -38.076540970153836 ], [ 145.133088729951282, -38.077650119778497 ], [ 145.13257142277331, -38.078724360079164 ], [ 145.131923382216598, -38.079753343671086 ], [ 145.131150845415419, -38.080727158694508 ], [ 145.130261249609958, -38.081636424355231 ], [ 145.129263160625953, -38.082472381359921 ], [ 145.128166190437895, -38.083226976371684 ], [ 145.126980904607166, -38.083892939668516 ], [ 145.12571872048602, -38.084463855253254 ], [ 145.124391797170261, -38.084934222735619 ], [ 145.123012918263044, -38.085299510387273 ], [ 145.121595368584764, -38.085556198855194 ], [ 145.120152806022844, -38.085701815110262 ], [ 145.118699129763968, -38.085734956301494 ], [ 145.117248346186329, -38.085655303285037 ], [ 145.115814433713723, -38.085463623696782 ], [ 145.114411207942226, -38.085161764539087 ], [ 145.113052188348803, -38.08475263435372 ], [ 145.111750467874117, -38.08424017515442 ], [ 145.110518586644332, -38.08362932439119 ], [ 145.109368411054874, -38.082925967315951 ], [ 145.108311019386747, -38.082136880210868 ], [ 145.107356595060565, -38.081269665030391 ], [ 145.106514328558518, -38.08033267608959 ], [ 145.105792328959296, -38.07933493950928 ], [ 145.105197545936136, -38.078286066196959 ], [ 145.104735702965115, -38.077196159205634 ], [ 145.104411242382582, -38.076075716365594 ], [ 145.104227282813127, -38.074935529129718 ], [ 145.10418558937036, -38.073786578608342 ], [ 145.104286556908505, -38.072639929796786 ], [ 145.104529206476229, -38.071506625014457 ], [ 145.104911194997499, -38.070397577581971 ], [ 145.105428838075568, -38.069323466759329 ], [ 145.10607714569241, -38.068294634955535 ], [ 145.106849870450816, -38.06732098819721 ], [ 145.107739567887592, -38.066411900812213 ], [ 145.10873766827126, -38.065576125242849 ], [ 145.109834559189238, -38.064821707853582 ], [ 145.111019678126524, -38.064155911540425 ], [ 145.112281614144479, -38.063585145883508 ], [ 145.113608217681701, -38.063114905511426 ], [ 145.114986717423989, -38.062749717267756 ], [ 145.116403843122015, -38.06249309668533 ], [ 145.1178459531817, -38.062347514184452 ], [ 145.119299165805813, -38.062314371318962 ], [ 145.120749492433276, -38.062393987297057 ], [ 145.122182972200761, -38.062585595906199 ], [ 145.123585806140738, -38.062887352871719 ], [ 145.124944489834093, -38.063296353579041 ], [ 145.126245943248648, -38.063808660990212 ], [ 145.127477636521235, -38.064419343488311 ], [ 145.128627710479464, -38.065122522287822 ], [ 145.129685090747984, -38.065911427957566 ], [ 145.130639594344245, -38.066778465515554 ], [ 145.131482027739764, -38.06771528747268 ], [ 145.132204275442206, -38.068712874125218 ], [ 145.132799378243931, -38.069761620327263 ], [ 145.133261600379882, -38.070851427910618 ], [ 145.133586484942612, -38.071971802865171 ], [ 145.133770897014244, -38.073111956346864 ], [ 145.133813054091775, -38.074260908542513 ] ] ] } },
{ "type": "Feature", "properties": { "PRIMS_ID": 4145, "NAME": "Warneet North Jetty", "AREA_TYPE": "PORT & COASTAL FACILITY", "NAME_SHORT": "Warneet North Jetty", "AREA_SRC": "GIS PARKRES", "MANAGER": "Parks Victoria as COM", "VEAC_REC": "-", "VEAC_STUDY": "No LCC Recommendation", "IUCN": "Not a Protected Area", "TOTAL_AREA": 0.127, "POLY_SRC": "VM PARCEL EDITED WITH 25K FEATURES", "AREATYPEID": 50, "SRCHNAME": "WARNEET NORTH JETTY", "ESTAB_DATE": null, "LAST_MOD": "2023-10-04", "VERS_DATE": "2025-07-03", "HECTARES": 0.13, "AREASQM": 1265.91, "INTERNAL_ID": 10015, "buffer_m": 1000 }, "geometry": { "type": "Polygon", "coordinates": [ [ [ 145.320768102622452, -38.221611327806841 ], [ 145.32069281173284, -38.22249354581546 ], [ 145.320508265919869, -38.22336569346249 ], [ 145.320216238735327, -38.224219370898609 ], [ 145.319819539180372, -38.225046355883649 ], [ 145.319321984783159, -38.225838683004383 ], [ 145.318728364945969, -38.22658872042787 ], [ 145.318044394909521, -38.227289243449654 ], [ 145.317276660775576, -38.227933504126895 ], [ 145.316432556113909, -38.228515296323152 ], [ 145.31552021076331, -38.229029015536653 ], [ 145.314548412511783, -38.229469712933408 ], [ 145.313526522411564, -38.229833143062393 ], [ 145.312464384546189, -38.230115804791403 ], [ 145.311372231121766, -38.230314975067188 ], [ 145.310260583800982, -38.230428735173284 ], [ 145.309140152234022, -38.230455989231352 ], [ 145.308021730769696, -38.230396474766835 ], [ 145.306916094346889, -38.230250765236839 ], [ 145.305833894574931, -38.230020264495934 ], [ 145.304785557009438, -38.229707193253446 ], [ 145.303781180618529, -38.229314567653653 ], [ 145.302830440412663, -38.228846170186571 ], [ 145.301942494179883, -38.228306513210732 ], [ 145.301125894228335, -38.227700795441571 ], [ 145.300388504988234, -38.227034851826403 ], [ 145.299737427268298, -38.226315097290843 ], [ 145.299178929896527, -38.225548464900967 ], [ 145.298718389401728, -38.224742339038976 ], [ 145.298360238315922, -38.223904484237714 ], [ 145.298107922591385, -38.223042970361831 ], [ 145.297963868538716, -38.222166094857307 ], [ 145.297929459599715, -38.221282302819617 ], [ 145.298005023173147, -38.220400105651272 ], [ 145.298189827614465, -38.219527999092143 ], [ 145.298482089432923, -38.218674381412633 ], [ 145.298878990610575, -38.217847472556478 ], [ 145.299376705870941, -38.217055235011301 ], [ 145.299970439629988, -38.216305297167736 ], [ 145.300654472268917, -38.21560487990341 ], [ 145.301422215280212, -38.214960727096987 ], [ 145.302266274752981, -38.214379040739473 ], [ 145.303178522585, -38.213865421265332 ], [ 145.304150174735838, -38.213424813675616 ], [ 145.305171875767826, -38.213061459970106 ], [ 145.306233788863267, -38.212778858344123 ], [ 145.307325690453752, -38.212579729541176 ], [ 145.308437068554497, -38.212465990683953 ], [ 145.309557223861248, -38.212438736834194 ], [ 145.310675372641754, -38.212498230458479 ], [ 145.311780750436213, -38.212643898900531 ], [ 145.312862715574198, -38.212874339884834 ], [ 145.313910851517051, -38.213187334998445 ], [ 145.314915067044751, -38.21357987102266 ], [ 145.315865693328817, -38.214048168909819 ], [ 145.316753576959115, -38.2145877201282 ], [ 145.317570168033342, -38.215193330026537 ], [ 145.318307602462397, -38.215859167802968 ], [ 145.318958777700885, -38.216578822599168 ], [ 145.319517421173344, -38.217345365182005 ], [ 145.319978150736375, -38.218151414620522 ], [ 145.320336526592115, -38.218989209318771 ], [ 145.320589094150591, -38.21985068172183 ], [ 145.320733417423298, -38.220727535977495 ], [ 145.320768102622452, -38.221611327806841 ] ] ] } },
{ "type": "Feature", "properties": { "PRIMS_ID": 4238, "NAME": "Princes Wharf", "AREA_TYPE": "PORT & COASTAL FACILITY", "NAME_SHORT": "Princes Wharf", "AREA_SRC": "GIS PARKRES", "MANAGER": "Parks Victoria as COM", "VEAC_REC": "-", "VEAC_STUDY": "No LCC Recommendation", "IUCN": "Not a Protected Area", "TOTAL_AREA": 0.069, "POLY_SRC": "VM PARCEL EDITED WITH 25K FEATURES", "AREATYPEID": 50, "SRCHNAME": "PRINCES WARF", "ESTAB_DATE": "2004-08-24", "LAST_MOD": "2017-10-02", "VERS_DATE": "2025-07-03", "HECTARES": 0.07, "AREASQM": 685.33, "INTERNAL_ID": 10016, "buffer_m": 1300 }, "geometry": { "type": "Polygon", "coordinates": [ [ [ 144.98405695627406, -37.81903983303657 ], [ 144.98395464566201, -37.820186382869565 ], [ 144.98371115134799, -37.821319455967561 ], [ 144.983328812174136, -37.822428139184012 ], [ 144.982811304721537, -37.823501753816522 ], [ 144.982163608116394, -37.824529958505352 ], [ 144.981391956261149, -37.825502848897862 ], [ 144.980503777943767, -37.826411053116644 ], [ 144.979507625396195, -37.827245822108445 ], [ 144.978413091985971, -37.827999114000399 ], [ 144.977230719832193, -37.828663671647348 ], [ 144.975971898234235, -37.829233092619432 ], [ 144.974648753894172, -37.829701890952428 ], [ 144.973274033993135, -37.830065550062663 ], [ 144.971860983252952, -37.830320566313148 ], [ 144.970423216173941, -37.830464482809717 ], [ 144.96897458568705, -37.830495913098609 ], [ 144.967529049494715, -37.83041455453651 ], [ 144.966100535396606, -37.830221191203307 ], [ 144.964702806907383, -37.829917686329829 ], [ 144.963349330470464, -37.829506964313886 ], [ 144.962053145554933, -37.828992982499926 ], [ 144.960826738895832, -37.82838069299568 ], [ 144.959681924095264, -37.827675994896772 ], [ 144.958629727749639, -37.8268856773824 ], [ 144.957680283203842, -37.826017354233599 ], [ 144.956842732956886, -37.825079390408767 ], [ 144.956125140660191, -37.824080821387199 ], [ 144.955534413552925, -37.823031266061157 ], [ 144.955076236079179, -37.821940834018974 ], [ 144.954755015319563, -37.820820028115136 ], [ 144.954573838757454, -37.819679643268451 ], [ 144.954534444776982, -37.818530662464816 ], [ 144.954637206169622, -37.817384150967598 ], [ 144.95488112679709, -37.816251149755125 ], [ 144.955263851434353, -37.815142569211403 ], [ 144.955781688687097, -37.81406908409317 ], [ 144.95642964675514, -37.813041030783054 ], [ 144.957201481688173, -37.81206830781624 ], [ 144.958089757662606, -37.811160280636095 ], [ 144.95908591869366, -37.810325691492373 ], [ 144.96018037108766, -37.809572575346451 ], [ 144.96136257583899, -37.808908182589704 ], [ 144.962621150081503, -37.808338909315339 ], [ 144.963943976618765, -37.80787023581162 ], [ 144.965318320482652, -37.807506673865134 ], [ 144.966730951402241, -37.807251723378883 ], [ 144.968168271010711, -37.807107838719773 ], [ 144.969616443573102, -37.807076405118082 ], [ 144.971061528984791, -37.80715772534441 ], [ 144.972489616769423, -37.807351016792083 ], [ 144.973886959795209, -37.807654418992811 ], [ 144.975240106431954, -37.808065011494456 ], [ 144.976536029884613, -37.808578841929709 ], [ 144.977762253465983, -37.809190964008245 ], [ 144.978906970609529, -37.809895485068516 ], [ 144.979959158471758, -37.810685622734816 ], [ 144.980908684033835, -37.811553770137571 ], [ 144.98174640168321, -37.812491569072215 ], [ 144.982464241335435, -37.813489990396079 ], [ 144.983055286245502, -37.814539420892842 ], [ 144.983513839756398, -37.815629755771305 ], [ 144.983835480336523, -37.816750495910924 ], [ 144.984017104369173, -37.817890848920129 ], [ 144.98405695627406, -37.81903983303657 ] ] ] } },
{ "type": "Feature", "properties": { "PRIMS_ID": 4124, "NAME": "Newhaven Jetty", "AREA_TYPE": "PORT & COASTAL FACILITY", "NAME_SHORT": "Newhaven Jetty", "AREA_SRC": "GIS PARKRES", "MANAGER": "Parks Victoria as COM", "VEAC_REC": "-", "VEAC_STUDY": "No LCC Recommendation", "IUCN": "Not a Protected Area", "TOTAL_AREA": 0.365, "POLY_SRC": "VM PARCEL EDITED WITH 25K FEATURES", "AREATYPEID": 50, "SRCHNAME": "NEWHAVEN JETTY", "ESTAB_DATE": null, "LAST_MOD": "2012-07-11", "VERS_DATE": "2025-07-03", "HECTARES": 0.36, "AREASQM": 3646.7, "INTERNAL_ID": 10017, "buffer_m": 1000 }, "geometry": { "type": "Polygon", "coordinates": [ [ [ 145.375811827005492, -38.515807238734823 ], [ 145.375736768877715, -38.516689457726144 ], [ 145.37555200435213, -38.517561648091252 ], [ 145.375259309028962, -38.518415409568647 ], [ 145.374861498289363, -38.519242519104736 ], [ 145.374362400313913, -38.520035010079503 ], [ 145.373766819328608, -38.520785249071821 ], [ 145.373080489428588, -38.521486009423334 ], [ 145.372310019419984, -38.522130540890842 ], [ 145.371462829209122, -38.522712634713848 ], [ 145.370547078350569, -38.523226683468735 ], [ 145.369571587440987, -38.523667735130608 ], [ 145.368545753117758, -38.524031540819941 ], [ 145.367479457482347, -38.524314595772033 ], [ 145.366382972824539, -38.524514173132786 ], [ 145.365266862568348, -38.52462835025365 ], [ 145.364141879399085, -38.524656027231245 ], [ 145.363018861558089, -38.524596937512172 ], [ 145.361908628308868, -38.524451650460392 ], [ 145.360821875588641, -38.524221565862504 ], [ 145.359769072854874, -38.52390890042426 ], [ 145.358760362126731, -38.523516666389121 ], [ 145.357805460198279, -38.523048642486287 ], [ 145.356913564969858, -38.522509337489396 ], [ 145.356093266802901, -38.521903946738867 ], [ 145.355352465754777, -38.521238302048836 ], [ 145.354698295491545, -38.520518815483143 ], [ 145.354137054612238, -38.519752417544382 ], [ 145.353674146044284, -38.518946490373601 ], [ 145.353314025092573, -38.518108796605766 ], [ 145.353060156638264, -38.517247404568579 ], [ 145.352914981896333, -38.516370610546289 ], [ 145.352879895046811, -38.51548685885858 ], [ 145.352955229959122, -38.514604660525222 ], [ 145.35314025713177, -38.513732511299992 ], [ 145.353433190871215, -38.512878809863402 ], [ 145.353831206634055, -38.512051776961698 ], [ 145.354330468360786, -38.511259376269884 ], [ 145.354926165532504, -38.510509237739548 ], [ 145.355612559589161, -38.509808584168383 ], [ 145.356383039259129, -38.509164161696056 ], [ 145.357230184264694, -38.50858217489445 ], [ 145.358145836788594, -38.508068227074411 ], [ 145.359121180013091, -38.507627266381959 ], [ 145.360146822976276, -38.507263538200718 ], [ 145.36121289093046, -38.506980544316789 ], [ 145.362309120335624, -38.50678100923745 ], [ 145.363424957576967, -38.506666853986438 ], [ 145.364549660460881, -38.506639177626624 ], [ 145.365672401517344, -38.506698246687733 ], [ 145.366782372119445, -38.506843492599614 ], [ 145.367868886423395, -38.507073517156712 ], [ 145.368921484133921, -38.507386105960563 ], [ 145.369930031110812, -38.507778249712757 ], [ 145.370884816852822, -38.50824617315358 ], [ 145.371776647924662, -38.508785371370124 ], [ 145.372596936430313, -38.509390653125465 ], [ 145.373337782683734, -38.510056190794096 ], [ 145.373992051281618, -38.510775576424962 ], [ 145.374553439846039, -38.511541883394301 ], [ 145.375016539774037, -38.512347733057005 ], [ 145.375376888406919, -38.513185365756677 ], [ 145.375631012113871, -38.514046715512443 ], [ 145.375776459870679, -38.514923487664909 ], [ 145.375811827005492, -38.515807238734823 ] ] ] } }
]
}
